time,y,x,seaice_lag1,target_seaice_t_plus1,rf_pred,abs_error
2026-08-18,1412500.0,-3212500.0,0.0,0.0,0.0002234165535184545,0.0002234165535184545
2026-08-18,-1162500.0,3087500.0,0.0,0.0,0.020257906449061957,0.020257906449061957
2026-08-17,1712500.0,-712500.0,1.0,1.0,0.99884496583444,0.0011550341655599539
2026-08-16,-3187500.0,-2987500.0,0.0,0.0,1.4762798402130472e-05,1.4762798402130472e-05
2026-08-13,237500.0,-2512500.0,0.6,0.56,0.5604471038904546,0.0004471038904545477
2026-08-13,-3912500.0,-737500.0,0.0,0.0,1.4762798402130472e-05,1.4762798402130472e-05
2026-08-14,-2062500.0,2762500.0,0.0,0.0,1.4762798402130472e-05,1.4762798402130472e-05
2026-08-17,3737500.0,3737500.0,0.0,0.0,9.705783325969554e-05,9.705783325969554e-05
2026-08-14,-3437500.0,-262500.0,0.0,0.0,1.4762798402130472e-05,1.4762798402130472e-05
2026-08-17,1937500.0,-2512500.0,0.38,0.39,0.24663022973322044,0.14336977026677958
2026-08-17,2962500.0,912500.0,0.76,0.81,0.7959667454690766,0.014033254530923411
2026-08-16,-2262500.0,-2437500.0,0.0,0.0,1.5609421769881e-05,1.5609421769881e-05
2026-08-18,512500.0,-3287500.0,0.0,0.0,0.0002234165535184545,0.0002234165535184545
2026-08-15,1787500.0,1562500.0,0.97,0.96,0.9754222409087263,0.015422240908726348
2026-08-16,2087500.0,-1687500.0,1.0,1.0,0.9972540843653653,0.002745915634634666
2026-08-14,-1712500.0,3362500.0,0.0,0.0,9.893908012227883e-05,9.893908012227883e-05
2026-08-16,-3462500.0,-962500.0,0.0,0.0,1.4762798402130472e-05,1.4762798402130472e-05
2026-08-17,3787500.0,3112500.0,0.0,0.0,9.705783325969554e-05,9.705783325969554e-05
2026-08-14,-1187500.0,2762500.0,0.62,0.49,0.5439748428128801,0.05397484281288012
2026-08-14,4237500.0,-62500.0,0.0,0.0,2.5886375925166402e-05,2.5886375925166402e-05
2026-08-18,3262500.0,737500.0,0.98,0.99,0.9696234505489274,0.02037654945107259
2026-08-18,1362500.0,-687500.0,0.96,0.98,0.9563438642531397,0.02365613574686032
2026-08-15,-3512500.0,-1487500.0,0.0,0.0,1.5289119771951656e-05,1.5289119771951656e-05
2026-08-14,-3012500.0,2762500.0,0.0,0.0,1.4762798402130472e-05,1.4762798402130472e-05
2026-08-17,362500.0,-3387500.0,0.0,0.0,0.0002234165535184545,0.0002234165535184545
2026-08-14,-937500.0,-2812500.0,0.0,0.0,2.1622899202598748e-05,2.1622899202598748e-05
2026-08-13,-3512500.0,-1812500.0,0.0,0.0,1.4762798402130472e-05,1.4762798402130472e-05
2026-08-15,-2562500.0,-3612500.0,0.0,0.0,3.0759577822316593e-05,3.0759577822316593e-05
2026-08-16,-2187500.0,3637500.0,0.0,0.0,8.448658382562016e-05,8.448658382562016e-05
2026-08-17,2662500.0,-2512500.0,0.0,0.0,0.000436123174360964,0.000436123174360964
2026-08-15,812500.0,-2937500.0,0.0,0.0,1.4762798402130472e-05,1.4762798402130472e-05
2026-08-13,-1862500.0,-1037500.0,0.97,0.97,0.9761182590490471,0.00611825904904717
2026-08-16,1537500.0,-3237500.0,0.0,0.0,1.4762798402130472e-05,1.4762798402130472e-05
2026-08-15,2412500.0,2712500.0,0.0,0.0,1.4762798402130472e-05,1.4762798402130472e-05
2026-08-13,-3787500.0,3137500.0,0.0,0.0,8.59342557366596e-05,8.59342557366596e-05
2026-08-13,3387500.0,-1812500.0,0.79,0.79,0.86780823990349,0.07780823990348995
2026-08-18,1987500.0,-2912500.0,0.0,0.0,1.6210470313169908e-05,1.6210470313169908e-05
2026-08-14,2862500.0,3537500.0,0.0,0.0,8.59342557366596e-05,8.59342557366596e-05
2026-08-17,-3837500.0,62500.0,0.0,0.0,1.4762798402130472e-05,1.4762798402130472e-05
2026-08-14,137500.0,-2462500.0,0.86,0.9,0.8740399023902203,0.025960097609779687
2026-08-15,1987500.0,2287500.0,0.7000000000000001,0.78,0.692019971858039,0.08798002814196104
2026-08-15,2412500.0,-2037500.0,0.99,1.0,0.9788484369393164,0.021151563060683554
2026-08-14,3712500.0,1562500.0,0.0,0.0,2.7334047836205838e-05,2.7334047836205838e-05
2026-08-17,462500.0,-3437500.0,0.0,0.0,0.0002234165535184545,0.0002234165535184545
2026-08-14,2937500.0,-212500.0,0.97,0.97,0.9756581414636849,0.005658141463684929
2026-08-13,-3912500.0,-3787500.0,0.0,0.0,1.6210470313169908e-05,1.6210470313169908e-05
2026-08-16,4187500.0,737500.0,0.0,0.0,2.5886375925166402e-05,2.5886375925166402e-05
2026-08-18,4312500.0,3637500.0,0.0,0.0,9.705783325969554e-05,9.705783325969554e-05
2026-08-18,-2012500.0,3412500.0,0.0,0.0,8.448658382562016e-05,8.448658382562016e-05
2026-08-13,-3912500.0,837500.0,0.0,0.0,1.4762798402130472e-05,1.4762798402130472e-05
2026-08-18,3887500.0,2037500.0,0.0,0.0,3.312506030715272e-05,3.312506030715272e-05
2026-08-13,3837500.0,-2162500.0,0.0,0.0,0.00015534054607134595,0.00015534054607134595
2026-08-15,3537500.0,1862500.0,0.0,0.0,4.298404636756863e-05,4.298404636756863e-05
2026-08-14,1962500.0,2062500.0,0.7000000000000001,0.85,0.7440762529660618,0.10592374703393814
2026-08-18,-3587500.0,1487500.0,0.0,0.0,5.163654578840026e-05,5.163654578840026e-05
2026-08-14,662500.0,-3337500.0,0.0,0.0,1.4762798402130472e-05,1.4762798402130472e-05
2026-08-13,-562500.0,3887500.0,0.0,0.0,8.30507673580773e-05,8.30507673580773e-05
2026-08-14,4037500.0,2412500.0,0.0,0.0,2.7334047836205838e-05,2.7334047836205838e-05
2026-08-14,-3262500.0,1237500.0,0.0,0.0,6.763332520858636e-05,6.763332520858636e-05
2026-08-13,-1737500.0,2687500.0,0.0,0.0,0.009771348180186393,0.009771348180186393
2026-08-15,4287500.0,2512500.0,0.0,0.0,2.7334047836205838e-05,2.7334047836205838e-05
2026-08-17,-1362500.0,3837500.0,0.0,0.0,8.30507673580773e-05,8.30507673580773e-05
2026-08-16,2587500.0,-462500.0,1.0,1.0,0.989187093040836,0.010812906959164037
2026-08-18,-3762500.0,387500.0,0.0,0.0,5.163654578840026e-05,5.163654578840026e-05
2026-08-14,-3287500.0,1537500.0,0.0,0.0,5.163654578840026e-05,5.163654578840026e-05
2026-08-16,3187500.0,-3212500.0,0.0,0.0,1.6210470313169908e-05,1.6210470313169908e-05
2026-08-13,-1087500.0,-3937500.0,0.0,0.0,1.4762798402130472e-05,1.4762798402130472e-05
2026-08-17,-762500.0,2587500.0,0.96,0.98,0.9418525026514335,0.038147497348566484
2026-08-15,-2337500.0,-62500.0,0.97,0.9500000000000001,0.9754826830413689,0.025482683041368803
2026-08-15,2287500.0,-2762500.0,0.0,0.0,1.5609421769881e-05,1.5609421769881e-05
2026-08-15,3362500.0,-512500.0,0.96,0.96,0.9670684721753561,0.007068472175356111
2026-08-16,537500.0,2462500.0,0.76,0.79,0.7887715261326456,0.0012284738673544737
2026-08-18,2912500.0,-3637500.0,0.0,0.0,1.6210470313169908e-05,1.6210470313169908e-05
2026-08-17,-1562500.0,-1812500.0,0.9500000000000001,0.91,0.950888650091773,0.040888650091773004
2026-08-14,-2537500.0,-3912500.0,0.0,0.0,1.6210470313169908e-05,1.6210470313169908e-05
2026-08-14,2512500.0,-937500.0,0.99,1.0,0.9882706324954885,0.011729367504511479
2026-08-16,912500.0,-1387500.0,1.0,1.0,0.8956513650428429,0.10434863495715707
2026-08-17,-837500.0,3012500.0,0.0,0.0,0.044016976194534596,0.044016976194534596
2026-08-18,2437500.0,-587500.0,1.0,1.0,0.9985104794169237,0.0014895205830762759
2026-08-14,-3437500.0,2312500.0,0.0,0.0,1.4762798402130472e-05,1.4762798402130472e-05
2026-08-16,2987500.0,1687500.0,0.0,0.0,0.0004310567743995868,0.0004310567743995868
2026-08-17,-2537500.0,2437500.0,0.0,0.0,1.4762798402130472e-05,1.4762798402130472e-05
2026-08-17,2087500.0,1712500.0,1.0,1.0,0.9932092395870528,0.006790760412947239
2026-08-16,-2337500.0,2987500.0,0.0,0.0,8.448658382562016e-05,8.448658382562016e-05
2026-08-13,-3087500.0,-212500.0,0.0,0.0,1.4762798402130472e-05,1.4762798402130472e-05
2026-08-15,-1487500.0,-3862500.0,0.0,0.0,3.0759577822316593e-05,3.0759577822316593e-05
2026-08-18,-2837500.0,3087500.0,0.0,0.0,8.448658382562016e-05,8.448658382562016e-05
2026-08-13,2137500.0,1037500.0,1.0,1.0,0.9985371976384233,0.0014628023615766983
2026-08-13,-1887500.0,-1437500.0,1.0,0.99,0.9897038335186638,0.00029616648133623524
2026-08-17,512500.0,-2137500.0,1.0,1.0,0.9945830297425728,0.005416970257427156
2026-08-14,1262500.0,-2637500.0,0.0,0.19,0.0021448407315252105,0.1878551592684748
2026-08-13,-1362500.0,-1412500.0,1.0,1.0,0.9892458903258241,0.010754109674175893
2026-08-18,-3762500.0,-2237500.0,0.0,0.0,1.4762798402130472e-05,1.4762798402130472e-05
2026-08-14,-3362500.0,-3187500.0,0.0,0.0,1.6210470313169908e-05,1.6210470313169908e-05
2026-08-18,-1837500.0,-1712500.0,0.96,0.9500000000000001,0.9559846373115993,0.005984637311599261
2026-08-17,2312500.0,837500.0,1.0,1.0,0.9983302716903586,0.001669728309641405
2026-08-14,3337500.0,3312500.0,0.0,0.0,8.59342557366596e-05,8.59342557366596e-05
2026-08-18,-3562500.0,3237500.0,0.0,0.0,8.59342557366596e-05,8.59342557366596e-05
2026-08-14,1362500.0,3612500.0,0.0,0.0,0.0001914434935301873,0.0001914434935301873
2026-08-17,1712500.0,-1912500.0,1.0,1.0,0.9996062965044158,0.0003937034955842078
2026-08-16,-3412500.0,-937500.0,0.0,0.0,1.4762798402130472e-05,1.4762798402130472e-05
2026-08-15,-3312500.0,-3737500.0,0.0,0.0,1.6210470313169908e-05,1.6210470313169908e-05
2026-08-16,-1787500.0,2162500.0,0.92,0.8300000000000001,0.8551880194637133,0.025188019463713185
2026-08-16,4012500.0,862500.0,0.0,0.0,0.0004930506812961536,0.0004930506812961536
2026-08-18,3237500.0,-312500.0,0.93,0.93,0.948929256210867,0.01892925621086694
2026-08-17,-3787500.0,-3837500.0,0.0,0.0,1.6210470313169908e-05,1.6210470313169908e-05
2026-08-15,1287500.0,-1712500.0,1.0,1.0,0.9996062965044158,0.0003937034955842078
2026-08-16,4337500.0,1662500.0,0.0,0.0,2.7334047836205838e-05,2.7334047836205838e-05
2026-08-14,2162500.0,-3087500.0,0.0,0.0,1.5289119771951656e-05,1.5289119771951656e-05
2026-08-14,3687500.0,-262500.0,0.0,0.0,0.00719510662205576,0.00719510662205576
2026-08-13,1987500.0,-3587500.0,0.0,0.0,1.4762798402130472e-05,1.4762798402130472e-05
2026-08-18,3737500.0,-2412500.0,0.0,0.0,0.00010463734036232201,0.00010463734036232201
2026-08-14,3162500.0,3337500.0,0.0,0.0,8.59342557366596e-05,8.59342557366596e-05
2026-08-17,2712500.0,987500.0,0.97,0.98,0.9647468177944372,0.01525318220556282
2026-08-14,1762500.0,-3212500.0,0.0,0.0,1.5609421769881e-05,1.5609421769881e-05
2026-08-17,-3137500.0,-2112500.0,0.0,0.0,1.6210470313169908e-05,1.6210470313169908e-05
2026-08-18,412500.0,-2037500.0,0.96,0.96,0.9683176860299868,0.008317686029986837
2026-08-15,4312500.0,1537500.0,0.0,0.0,2.7334047836205838e-05,2.7334047836205838e-05
2026-08-14,-3862500.0,-1937500.0,0.0,0.0,1.5609421769881e-05,1.5609421769881e-05
2026-08-18,-2162500.0,187500.0,0.98,0.99,0.9763380478383246,0.013661952161675428
2026-08-15,-2837500.0,562500.0,0.49,0.46,0.5914828728850801,0.13148287288508004
2026-08-13,2562500.0,2712500.0,0.0,0.0,5.163654578840026e-05,5.163654578840026e-05
2026-08-16,-3937500.0,2887500.0,0.0,0.0,0.00011784214334810341,0.00011784214334810341
2026-08-15,-1762500.0,3262500.0,0.0,0.0,8.448658382562016e-05,8.448658382562016e-05
2026-08-15,912500.0,-3587500.0,0.0,0.0,1.4762798402130472e-05,1.4762798402130472e-05
2026-08-15,337500.0,3262500.0,0.49,0.53,0.558720044079818,0.028720044079817986
2026-08-16,-3462500.0,3837500.0,0.0,0.0,8.59342557366596e-05,8.59342557366596e-05
2026-08-16,4187500.0,-287500.0,0.0,0.0,0.0001953611366286781,0.0001953611366286781
2026-08-13,-2712500.0,-387500.0,0.79,0.72,0.5580145647767302,0.1619854352232698
2026-08-15,-2637500.0,-1937500.0,0.36,0.41000000000000003,0.25089719216093176,0.15910280783906827
2026-08-18,3087500.0,287500.0,1.0,1.0,0.9895548476732444,0.01044515232675558
2026-08-13,4212500.0,1437500.0,0.0,0.0,2.5886375925166402e-05,2.5886375925166402e-05
2026-08-16,4287500.0,-1737500.0,0.0,0.0,2.7334047836205838e-05,2.7334047836205838e-05
2026-08-14,-3137500.0,1762500.0,0.0,0.0,5.163654578840026e-05,5.163654578840026e-05
2026-08-13,-662500.0,3287500.0,0.0,0.0,0.010275152991776355,0.010275152991776355
2026-08-15,-3637500.0,-862500.0,0.0,0.0,1.4762798402130472e-05,1.4762798402130472e-05
2026-08-15,-2212500.0,1937500.0,0.0,0.0,0.020317980804699445,0.020317980804699445
2026-08-14,2662500.0,-437500.0,0.99,1.0,0.9862660577513196,0.013733942248680409
2026-08-14,-1562500.0,437500.0,1.0,1.0,0.9927430585407231,0.007256941459276911
2026-08-13,-1712500.0,2712500.0,0.0,0.0,0.007727815478393946,0.007727815478393946
2026-08-18,-862500.0,3387500.0,0.0,0.0,0.0015387147512539326,0.0015387147512539326
2026-08-17,1937500.0,3337500.0,0.0,0.0,0.00014600992945245313,0.00014600992945245313
2026-08-17,-2862500.0,-1812500.0,0.73,0.7000000000000001,0.7184050586785633,0.018405058678563235
2026-08-13,-2462500.0,1462500.0,0.0,0.0,0.04034801933822965,0.04034801933822965
2026-08-16,3312500.0,-1387500.0,0.73,0.75,0.7955708596028386,0.045570859602838576
2026-08-17,-3662500.0,2662500.0,0.0,0.0,1.6210470313169908e-05,1.6210470313169908e-05
2026-08-14,-3462500.0,-2962500.0,0.0,0.0,1.6210470313169908e-05,1.6210470313169908e-05
2026-08-14,-2562500.0,987500.0,0.54,0.65,0.6600804164912023,0.010080416491202282
2026-08-16,-962500.0,-2612500.0,0.0,0.0,1.4762798402130472e-05,1.4762798402130472e-05
2026-08-13,4112500.0,-3812500.0,0.0,0.0,2.7334047836205838e-05,2.7334047836205838e-05
2026-08-14,662500.0,3512500.0,0.0,0.0,0.04316546887984466,0.04316546887984466
2026-08-14,-937500.0,-2562500.0,0.0,0.0,0.016230658113216133,0.016230658113216133
2026-08-17,3862500.0,1487500.0,0.0,0.0,3.5874714910471563e-05,3.5874714910471563e-05
2026-08-15,1262500.0,2262500.0,0.9500000000000001,0.93,0.9573577625162842,0.02735776251628419
2026-08-16,-2112500.0,-2312500.0,0.0,0.0,1.6210470313169908e-05,1.6210470313169908e-05
2026-08-17,3012500.0,3562500.0,0.0,0.0,8.59342557366596e-05,8.59342557366596e-05
2026-08-13,3462500.0,-2412500.0,0.0,0.0,0.00014224458313216213,0.00014224458313216213
2026-08-13,-3837500.0,-2212500.0,0.0,0.0,1.4762798402130472e-05,1.4762798402130472e-05
2026-08-15,1487500.0,-1262500.0,1.0,1.0,0.9996508565181318,0.0003491434818682082
2026-08-16,-1587500.0,2312500.0,0.77,0.66,0.6992073756086682,0.03920737560866816
2026-08-13,2487500.0,-562500.0,1.0,1.0,0.9983967765330448,0.0016032234669551837
2026-08-18,-2187500.0,-3137500.0,0.0,0.0,1.4762798402130472e-05,1.4762798402130472e-05
2026-08-18,-2862500.0,712500.0,0.24,0.22,0.2097209295654264,0.0102790704345736
2026-08-15,1612500.0,-1637500.0,1.0,1.0,0.9995459842702292,0.00045401572977077365
2026-08-14,-2212500.0,-2587500.0,0.0,0.0,2.1622899202598748e-05,2.1622899202598748e-05
2026-08-15,-312500.0,-3937500.0,0.0,0.0,1.4762798402130472e-05,1.4762798402130472e-05
2026-08-15,-3187500.0,-3287500.0,0.0,0.0,1.6210470313169908e-05,1.6210470313169908e-05
2026-08-17,2212500.0,237500.0,1.0,1.0,0.9937099138554805,0.0062900861445195355
2026-08-15,-3037500.0,1712500.0,0.0,0.0,1.6210470313169908e-05,1.6210470313169908e-05
2026-08-18,1587500.0,3212500.0,0.0,0.0,0.0003018757269140494,0.0003018757269140494
2026-08-18,2687500.0,987500.0,0.97,0.98,0.9714352685959974,0.008564731404002601
2026-08-17,-1112500.0,2812500.0,0.38,0.36,0.3273520983652003,0.03264790163479969
2026-08-13,-2262500.0,287500.0,0.93,0.9400000000000001,0.9219633705016408,0.01803662949835927
2026-08-17,-1987500.0,-2937500.0,0.0,0.0,1.4762798402130472e-05,1.4762798402130472e-05
2026-08-16,4087500.0,-2062500.0,0.0,0.0,2.7334047836205838e-05,2.7334047836205838e-05
2026-08-17,-2712500.0,-1362500.0,0.54,0.54,0.49316086863640374,0.0468391313635963
2026-08-17,3212500.0,37500.0,0.97,0.97,0.9598489601580861,0.0101510398419139
2026-08-17,-1012500.0,-2712500.0,0.0,0.0,1.4762798402130472e-05,1.4762798402130472e-05
2026-08-14,3012500.0,1712500.0,0.0,0.0,1.6210470313169908e-05,1.6210470313169908e-05
2026-08-14,262500.0,3787500.0,0.0,0.0,0.0011034807892755644,0.0011034807892755644
2026-08-14,2787500.0,3237500.0,0.0,0.0,9.362982311574243e-05,9.362982311574243e-05
2026-08-14,-3362500.0,1887500.0,0.0,0.0,5.163654578840026e-05,5.163654578840026e-05
2026-08-16,2112500.0,-2387500.0,0.77,0.81,0.7367090182160961,0.07329098178390392
2026-08-16,-3387500.0,-2837500.0,0.0,0.0,1.4762798402130472e-05,1.4762798402130472e-05
2026-08-14,-3837500.0,1862500.0,0.0,0.0,5.216286715822144e-05,5.216286715822144e-05
2026-08-17,-3737500.0,3737500.0,0.0,0.0,8.59342557366596e-05,8.59342557366596e-05
2026-08-15,-12500.0,3912500.0,0.0,0.0,0.0004929992022660691,0.0004929992022660691
2026-08-18,-3187500.0,-187500.0,0.0,0.0,6.881189707318577e-05,6.881189707318577e-05
2026-08-14,2912500.0,-3387500.0,0.0,0.0,1.4762798402130472e-05,1.4762798402130472e-05
2026-08-17,3887500.0,-1512500.0,0.0,0.0,2.6732999292916926e-05,2.6732999292916926e-05
2026-08-15,2462500.0,2712500.0,0.0,0.0,1.4762798402130472e-05,1.4762798402130472e-05
2026-08-15,562500.0,-3062500.0,0.0,0.0,1.4762798402130472e-05,1.4762798402130472e-05
2026-08-13,-3762500.0,-2262500.0,0.0,0.0,1.4762798402130472e-05,1.4762798402130472e-05
2026-08-18,-1237500.0,-1862500.0,0.87,0.89,0.9000885654827644,0.010088565482764378
2026-08-14,4062500.0,-2212500.0,0.0,0.0,2.7334047836205838e-05,2.7334047836205838e-05
2026-08-17,-1137500.0,-3037500.0,0.0,0.0,1.4762798402130472e-05,1.4762798402130472e-05
2026-08-13,-1912500.0,-3212500.0,0.0,0.0,2.246952257034927e-05,2.246952257034927e-05
2026-08-16,2512500.0,987500.0,0.93,0.9400000000000001,0.9612694010547056,0.02126940105470554
2026-08-14,2137500.0,-2487500.0,0.33,0.0,0.2968891280023451,0.2968891280023451
2026-08-17,3337500.0,-3537500.0,0.0,0.0,1.6210470313169908e-05,1.6210470313169908e-05
2026-08-13,2587500.0,-612500.0,1.0,1.0,0.9954038282897114,0.004596171710288588
2026-08-16,2662500.0,-537500.0,0.96,0.97,0.968161931831523,0.0018380681684769806
2026-08-15,-3237500.0,-3837500.0,0.0,0.0,1.6210470313169908e-05,1.6210470313169908e-05
2026-08-17,-1937500.0,3587500.0,0.0,0.0,8.448658382562016e-05,8.448658382562016e-05
2026-08-15,1262500.0,3612500.0,0.0,0.0,7.727882537750552e-05,7.727882537750552e-05
2026-08-18,-1962500.0,-2487500.0,0.0,0.0,1.6210470313169908e-05,1.6210470313169908e-05
2026-08-18,512500.0,-3887500.0,0.0,0.0,1.4762798402130472e-05,1.4762798402130472e-05
2026-08-15,-2787500.0,-2587500.0,0.0,0.0,1.4762798402130472e-05,1.4762798402130472e-05
2026-08-13,-1337500.0,-3362500.0,0.0,0.0,2.246952257034927e-05,2.246952257034927e-05
2026-08-14,-537500.0,3162500.0,0.3,0.0,0.31671140064533143,0.31671140064533143
2026-08-16,4337500.0,3112500.0,0.0,0.0,9.705783325969554e-05,9.705783325969554e-05
2026-08-18,2812500.0,1587500.0,0.0,0.0,0.0010007393428821418,0.0010007393428821418
2026-08-16,2087500.0,-3087500.0,0.0,0.0,1.5289119771951656e-05,1.5289119771951656e-05
2026-08-14,-3087500.0,-3687500.0,0.0,0.0,1.6210470313169908e-05,1.6210470313169908e-05
2026-08-13,-2512500.0,-2737500.0,0.0,0.0,2.1622899202598748e-05,2.1622899202598748e-05
2026-08-17,-3112500.0,-2062500.0,0.0,0.0,2.4751137387435634e-05,2.4751137387435634e-05
2026-08-13,2162500.0,-2137500.0,1.0,1.0,0.9977745693001955,0.0022254306998045204
2026-08-18,-2812500.0,562500.0,0.59,0.61,0.5687407652278192,0.04125923477218074
2026-08-18,1437500.0,-2987500.0,0.0,0.0,0.0002960161936520813,0.0002960161936520813
2026-08-14,-1112500.0,3637500.0,0.0,0.0,8.392914718750421e-05,8.392914718750421e-05
2026-08-17,2337500.0,2212500.0,0.0,0.0,0.0008233441662249833,0.0008233441662249833
2026-08-14,-2912500.0,1787500.0,0.0,0.0,6.390497286801815e-05,6.390497286801815e-05
2026-08-15,3237500.0,-3887500.0,0.0,0.0,1.6210470313169908e-05,1.6210470313169908e-05
2026-08-16,3162500.0,637500.0,1.0,1.0,0.9905334692131864,0.009466530786813587
2026-08-13,3737500.0,2112500.0,0.0,0.0,2.6214924395904447e-05,2.6214924395904447e-05
2026-08-15,-2262500.0,-1337500.0,0.98,1.0,0.9715383847798905,0.028461615220109482
2026-08-15,2912500.0,812500.0,0.84,0.8300000000000001,0.8264001629429693,0.003599837057030819
2026-08-15,4037500.0,-1712500.0,0.0,0.0,2.5886375925166402e-05,2.5886375925166402e-05
2026-08-13,712500.0,2987500.0,0.62,0.61,0.7307581684999529,0.12075816849995291
2026-08-14,-2187500.0,3512500.0,0.0,0.0,8.448658382562016e-05,8.448658382562016e-05
2026-08-14,2287500.0,-287500.0,0.99,0.99,0.9897286264906953,0.0002713735093047287
2026-08-15,-2737500.0,2437500.0,0.0,0.0,1.4762798402130472e-05,1.4762798402130472e-05
2026-08-15,-612500.0,-3737500.0,0.0,0.0,1.4762798402130472e-05,1.4762798402130472e-05
2026-08-15,-3612500.0,1312500.0,0.0,0.0,1.5609421769881e-05,1.5609421769881e-05
2026-08-14,962500.0,3437500.0,0.0,0.0,0.0,0.0
2026-08-14,2337500.0,3387500.0,0.0,0.0,0.00011932756045796045,0.00011932756045796045
2026-08-14,612500.0,-2562500.0,0.98,0.96,0.963930316940778,0.003930316940778056
2026-08-17,-462500.0,3212500.0,0.34,0.42,0.40834224323750107,0.011657756762498916
2026-08-13,3462500.0,2487500.0,0.0,0.0,7.44056486614285e-05,7.44056486614285e-05
2026-08-15,687500.0,-2512500.0,0.9,0.88,0.8896109160539974,0.009610916053997443
2026-08-15,-2087500.0,-487500.0,1.0,1.0,0.9912238053729197,0.008776194627080347
2026-08-13,62500.0,2662500.0,1.0,1.0,0.9903043479083444,0.009695652091655571
2026-08-16,-612500.0,-2962500.0,0.0,0.0,3.0759577822316593e-05,3.0759577822316593e-05
2026-08-17,3137500.0,-1662500.0,0.97,0.9500000000000001,0.9488928684629212,0.0011071315370788648
2026-08-16,-1812500.0,-2387500.0,0.0,0.0,3.252236818707221e-05,3.252236818707221e-05
2026-08-13,-2262500.0,1437500.0,0.9,0.92,0.9014870984436214,0.018512901556378636
2026-08-18,-2887500.0,1712500.0,0.0,0.0,0.0001705096401910915,0.0001705096401910915
2026-08-18,-2212500.0,-587500.0,1.0,1.0,0.9855657860090427,0.014434213990957345
2026-08-18,-1637500.0,-212500.0,1.0,1.0,0.9954703957171925,0.0045296042828074645
2026-08-17,287500.0,-2337500.0,1.0,1.0,0.988007327974842,0.011992672025157969
2026-08-14,-3387500.0,-2412500.0,0.0,0.0,1.4762798402130472e-05,1.4762798402130472e-05
2026-08-18,-1637500.0,-1312500.0,1.0,1.0,0.9917455030616674,0.008254496938332578
2026-08-18,-637500.0,-1812500.0,1.0,1.0,0.9919332953110839,0.008066704688916126
2026-08-17,1912500.0,-537500.0,1.0,1.0,0.9983246280949442,0.0016753719050558447
2026-08-13,3712500.0,-2087500.0,0.0,0.0,0.00019382023888022578,0.00019382023888022578
2026-08-18,1637500.0,-3687500.0,0.0,0.0,1.4762798402130472e-05,1.4762798402130472e-05
2026-08-16,1612500.0,-3237500.0,0.0,0.0,1.5609421769881e-05,1.5609421769881e-05
2026-08-14,-1762500.0,2637500.0,0.0,0.0,0.005124678783164585,0.005124678783164585
2026-08-17,3262500.0,-3387500.0,0.0,0.0,1.6210470313169908e-05,1.6210470313169908e-05
2026-08-15,1987500.0,3537500.0,0.0,0.0,9.362982311574243e-05,9.362982311574243e-05
2026-08-15,-3637500.0,-2212500.0,0.0,0.0,1.4762798402130472e-05,1.4762798402130472e-05
2026-08-17,3362500.0,962500.0,0.0,0.27,0.08370424699491442,0.1862957530050856
2026-08-15,2837500.0,-687500.0,0.9500000000000001,0.9500000000000001,0.9688866177811338,0.018886617781133763
2026-08-18,-2812500.0,-762500.0,0.45,0.48,0.536774753382964,0.056774753382964005
2026-08-15,-3087500.0,-2312500.0,0.0,0.0,1.613574313970218e-05,1.613574313970218e-05
2026-08-13,-2162500.0,1187500.0,1.0,1.0,0.9910061199104544,0.008993880089545603
2026-08-14,-3112500.0,3637500.0,0.0,0.0,8.59342557366596e-05,8.59342557366596e-05
2026-08-13,-1062500.0,2537500.0,0.93,0.9400000000000001,0.9399618157662442,3.818423375590019e-05
2026-08-16,837500.0,-2837500.0,0.0,0.0,0.0006053855074334896,0.0006053855074334896
2026-08-16,-3112500.0,-1037500.0,0.0,0.0,1.6210470313169908e-05,1.6210470313169908e-05
2026-08-13,-2287500.0,1537500.0,0.55,0.62,0.5416727478353845,0.07832725216461545
2026-08-15,3162500.0,-2687500.0,0.0,0.0,1.4762798402130472e-05,1.4762798402130472e-05
2026-08-14,-2012500.0,1662500.0,0.9400000000000001,0.9500000000000001,0.9362437703648533,0.013756229635146777
2026-08-16,-3837500.0,2012500.0,0.0,0.0,1.4762798402130472e-05,1.4762798402130472e-05
2026-08-18,4312500.0,-1362500.0,0.0,0.0,2.7334047836205838e-05,2.7334047836205838e-05
2026-08-18,387500.0,2487500.0,0.64,0.66,0.6661705911936757,0.00617059119367569
2026-08-17,-2687500.0,-487500.0,0.56,0.6,0.6048412537230643,0.0048412537230643204
2026-08-14,-2437500.0,-662500.0,0.96,0.98,0.9667739457953984,0.013226054204601545
2026-08-14,-1187500.0,-3337500.0,0.0,0.0,1.5609421769881e-05,1.5609421769881e-05
2026-08-18,-3087500.0,2037500.0,0.0,0.0,1.6210470313169908e-05,1.6210470313169908e-05
2026-08-15,587500.0,-2912500.0,0.0,0.0,1.4762798402130472e-05,1.4762798402130472e-05
2026-08-14,3112500.0,-1387500.0,1.0,1.0,0.9938605055392482,0.006139494460751793
2026-08-16,3737500.0,3512500.0,0.0,0.0,9.705783325969554e-05,9.705783325969554e-05
2026-08-13,2512500.0,1012500.0,1.0,0.98,0.9917442366421,0.011744236642100003
2026-08-13,4187500.0,2312500.0,0.0,0.0,2.7334047836205838e-05,2.7334047836205838e-05
2026-08-15,3162500.0,-1437500.0,0.99,0.99,0.9777036394294579,0.012296360570542064
2026-08-18,2912500.0,-2587500.0,0.0,0.0,1.5289119771951656e-05,1.5289119771951656e-05
2026-08-18,-2812500.0,2137500.0,0.0,0.0,1.4762798402130472e-05,1.4762798402130472e-05
2026-08-18,-3237500.0,-937500.0,0.0,0.0,5.163654578840026e-05,5.163654578840026e-05
2026-08-15,-3212500.0,262500.0,0.0,0.0,5.163654578840026e-05,5.163654578840026e-05
2026-08-14,-3262500.0,-3087500.0,0.0,0.0,1.4762798402130472e-05,1.4762798402130472e-05
2026-08-16,-2612500.0,-2012500.0,0.0,0.0,0.00019664500577038402,0.00019664500577038402
2026-08-16,-3912500.0,-2837500.0,0.0,0.0,1.6210470313169908e-05,1.6210470313169908e-05
2026-08-16,-937500.0,-3912500.0,0.0,0.0,3.1938149686916e-05,3.1938149686916e-05
2026-08-17,-1762500.0,-2162500.0,0.0,0.0,0.014930119650458026,0.014930119650458026
2026-08-16,-1162500.0,-3362500.0,0.0,0.0,3.0759577822316593e-05,3.0759577822316593e-05
2026-08-13,-137500.0,3512500.0,0.0,0.0,0.028363519564872496,0.028363519564872496
2026-08-18,-1337500.0,3262500.0,0.0,0.0,8.077574597801676e-05,8.077574597801676e-05
2026-08-14,2737500.0,-2062500.0,1.0,1.0,0.9883816016400567,0.011618398359943272
2026-08-13,-2837500.0,3537500.0,0.0,0.0,8.59342557366596e-05,8.59342557366596e-05
2026-08-18,3987500.0,2812500.0,0.0,0.0,2.7334047836205838e-05,2.7334047836205838e-05
2026-08-17,2312500.0,-2087500.0,1.0,1.0,0.9867039958040097,0.013296004195990307
2026-08-15,-737500.0,-3262500.0,0.0,0.0,1.5609421769881e-05,1.5609421769881e-05
2026-08-18,2562500.0,2637500.0,0.0,0.0,1.4762798402130472e-05,1.4762798402130472e-05
2026-08-13,3412500.0,337500.0,1.0,0.99,0.9874663555798326,0.002533644420167347
2026-08-13,137500.0,-3062500.0,0.0,0.0,1.4762798402130472e-05,1.4762798402130472e-05
2026-08-14,-3137500.0,912500.0,0.0,0.0,3.0759577822316593e-05,3.0759577822316593e-05
2026-08-18,-1987500.0,1862500.0,0.99,1.0,0.9605343138367907,0.039465686163209335
2026-08-15,2862500.0,-112500.0,0.96,0.9400000000000001,0.9505537373618694,0.010553737361869375
2026-08-13,-2687500.0,1412500.0,0.0,0.0,0.05659661135528575,0.05659661135528575
2026-08-15,-1887500.0,-2937500.0,0.0,0.0,2.1622899202598748e-05,2.1622899202598748e-05
2026-08-16,2537500.0,-2887500.0,0.0,0.0,1.5289119771951656e-05,1.5289119771951656e-05
2026-08-18,3087500.0,-3112500.0,0.0,0.0,1.4762798402130472e-05,1.4762798402130472e-05
2026-08-17,3337500.0,862500.0,0.67,0.78,0.6988912369175295,0.0811087630824705
2026-08-13,2587500.0,1237500.0,0.96,0.9500000000000001,0.9639680478095993,0.01396804780959926
2026-08-17,-3687500.0,3837500.0,0.0,0.0,8.59342557366596e-05,8.59342557366596e-05
2026-08-16,-2687500.0,-1687500.0,1.0,1.0,0.940253077847874,0.05974692215212596
2026-08-18,12500.0,3762500.0,0.0,0.0,0.0004117168969461606,0.0004117168969461606
2026-08-15,-1387500.0,3287500.0,0.0,0.0,8.30507673580773e-05,8.30507673580773e-05
2026-08-16,-3187500.0,-3787500.0,0.0,0.0,1.6210470313169908e-05,1.6210470313169908e-05
2026-08-15,-2737500.0,-2687500.0,0.0,0.0,1.4762798402130472e-05,1.4762798402130472e-05
2026-08-17,1037500.0,2462500.0,1.0,1.0,0.9983851689598491,0.0016148310401509214
2026-08-16,2487500.0,-2687500.0,0.0,0.0,1.6210470313169908e-05,1.6210470313169908e-05
2026-08-13,1087500.0,2962500.0,0.0,0.0,0.12298547315884148,0.12298547315884148
2026-08-16,2962500.0,3062500.0,0.0,0.0,8.448658382562016e-05,8.448658382562016e-05
2026-08-15,-1287500.0,-387500.0,1.0,1.0,0.9890229799319932,0.010977020068006826
2026-08-16,1862500.0,2112500.0,1.0,0.98,0.9980963890553683,0.018096389055368367
2026-08-18,4137500.0,3312500.0,0.0,0.0,9.705783325969554e-05,9.705783325969554e-05
2026-08-18,-1837500.0,187500.0,1.0,1.0,0.9968378163802646,0.0031621836197354147
2026-08-16,-3737500.0,2562500.0,0.0,0.0,1.6210470313169908e-05,1.6210470313169908e-05
2026-08-14,-1487500.0,-3487500.0,0.0,0.0,1.5609421769881e-05,1.5609421769881e-05
2026-08-13,-2862500.0,237500.0,0.42,0.37,0.1182184487243314,0.2517815512756686
2026-08-17,3937500.0,662500.0,0.0,0.0,0.00044777545170745397,0.00044777545170745397
2026-08-16,-3237500.0,-162500.0,0.0,0.0,1.4762798402130472e-05,1.4762798402130472e-05
2026-08-15,1937500.0,-2212500.0,1.0,1.0,0.9888484369393165,0.011151563060683545
2026-08-18,737500.0,-2962500.0,0.0,0.0,0.0002234165535184545,0.0002234165535184545
2026-08-18,-1162500.0,-2362500.0,0.0,0.0,0.009291634995893507,0.009291634995893507
2026-08-16,312500.0,-3337500.0,0.0,0.0,1.4762798402130472e-05,1.4762798402130472e-05
2026-08-16,337500.0,-3487500.0,0.0,0.0,1.4762798402130472e-05,1.4762798402130472e-05
2026-08-16,2437500.0,-3137500.0,0.0,0.0,1.4762798402130472e-05,1.4762798402130472e-05
2026-08-15,-2137500.0,237500.0,0.9,0.85,0.7418923628307308,0.10810763716926919
2026-08-13,2187500.0,-187500.0,1.0,1.0,0.9983199434141197,0.0016800565858803296
2026-08-13,-1137500.0,-2887500.0,0.0,0.0,1.4762798402130472e-05,1.4762798402130472e-05
2026-08-14,-2662500.0,1912500.0,0.0,0.0,0.00011873732645568139,0.00011873732645568139
2026-08-14,-3737500.0,-2362500.0,0.0,0.0,1.5609421769881e-05,1.5609421769881e-05
2026-08-14,-2012500.0,-512500.0,1.0,1.0,0.9900059616139837,0.009994038386016313
2026-08-17,-3512500.0,-1937500.0,0.0,0.0,1.5289119771951656e-05,1.5289119771951656e-05
2026-08-18,-1012500.0,3762500.0,0.0,0.0,8.798757546994037e-05,8.798757546994037e-05
2026-08-15,3762500.0,-3012500.0,0.0,0.0,2.7334047836205838e-05,2.7334047836205838e-05
2026-08-18,2862500.0,3237500.0,0.0,0.0,8.448658382562016e-05,8.448658382562016e-05
2026-08-14,1412500.0,-1262500.0,1.0,1.0,0.9996508565181318,0.0003491434818682082
2026-08-16,-2687500.0,787500.0,0.65,0.71,0.6359178782810724,0.07408212171892758
2026-08-14,-3387500.0,-912500.0,0.0,0.0,1.4762798402130472e-05,1.4762798402130472e-05
2026-08-16,162500.0,-2712500.0,0.0,0.0,0.00048096589332629046,0.00048096589332629046
2026-08-13,-3187500.0,2012500.0,0.0,0.0,6.763332520858636e-05,6.763332520858636e-05
2026-08-18,-2012500.0,-2437500.0,0.0,0.0,1.4762798402130472e-05,1.4762798402130472e-05
2026-08-15,4037500.0,-2712500.0,0.0,0.0,2.7334047836205838e-05,2.7334047836205838e-05
2026-08-13,-3037500.0,3062500.0,0.0,0.0,9.362982311574243e-05,9.362982311574243e-05
2026-08-13,-2637500.0,1612500.0,0.0,0.0,0.0003925620054780117,0.0003925620054780117
2026-08-16,4262500.0,-112500.0,0.0,0.0,0.0002352607596251002,0.0002352607596251002
2026-08-16,4012500.0,537500.0,0.0,0.0,0.00035878216675948196,0.00035878216675948196
2026-08-14,2887500.0,-2112500.0,0.8300000000000001,0.88,0.8359216751478658,0.044078324852134254
2026-08-17,-1237500.0,3137500.0,0.0,0.0,0.00026275248136627865,0.00026275248136627865
2026-08-15,-3812500.0,-2262500.0,0.0,0.0,1.4762798402130472e-05,1.4762798402130472e-05
2026-08-17,-3862500.0,-3712500.0,0.0,0.0,1.6210470313169908e-05,1.6210470313169908e-05
2026-08-16,-337500.0,-1637500.0,0.7000000000000001,0.76,0.8470404097190201,0.08704040971902005
2026-08-16,-2487500.0,612500.0,0.92,0.9400000000000001,0.9527032115539614,0.012703211553961369
2026-08-16,4112500.0,1987500.0,0.0,0.0,2.7334047836205838e-05,2.7334047836205838e-05
2026-08-14,-1962500.0,-2037500.0,0.0,0.0,0.04667785624379166,0.04667785624379166
2026-08-15,4212500.0,-1612500.0,0.0,0.0,2.5886375925166402e-05,2.5886375925166402e-05
2026-08-18,-3262500.0,-2762500.0,0.0,0.0,1.4762798402130472e-05,1.4762798402130472e-05
2026-08-18,-2687500.0,-287500.0,0.64,0.6900000000000001,0.6766152077139246,0.013384792286075475
2026-08-14,-2487500.0,-2537500.0,0.0,0.0,1.5609421769881e-05,1.5609421769881e-05
2026-08-17,-537500.0,-3087500.0,0.0,0.0,1.4762798402130472e-05,1.4762798402130472e-05
2026-08-15,3537500.0,2037500.0,0.0,0.0,4.298404636756863e-05,4.298404636756863e-05
2026-08-14,437500.0,-2212500.0,1.0,0.99,0.9883816016400567,0.0016183983599432628
2026-08-17,-2637500.0,2462500.0,0.0,0.0,1.4762798402130472e-05,1.4762798402130472e-05
2026-08-14,1337500.0,-2487500.0,0.0,0.0,0.0008679770694758379,0.0008679770694758379
2026-08-15,2512500.0,-687500.0,1.0,1.0,0.9984249320688708,0.0015750679311291593
2026-08-15,312500.0,3337500.0,0.43,0.48,0.5011828528691691,0.0211828528691691
2026-08-15,2237500.0,537500.0,1.0,1.0,0.9984802383157904,0.0015197616842096417
2026-08-14,3337500.0,1062500.0,0.0,0.0,0.031466932077287915,0.031466932077287915
2026-08-13,3987500.0,-1037500.0,0.0,0.0,0.0002832905778898721,0.0002832905778898721
2026-08-15,2837500.0,-862500.0,0.9500000000000001,0.9400000000000001,0.9688866177811338,0.028886617781133772
2026-08-18,-3112500.0,2637500.0,0.0,0.0,1.4762798402130472e-05,1.4762798402130472e-05
2026-08-15,-2412500.0,-3737500.0,0.0,0.0,3.0759577822316593e-05,3.0759577822316593e-05
2026-08-15,-1862500.0,-1687500.0,0.97,0.9500000000000001,0.9753253429539339,0.02532534295393385
2026-08-17,4237500.0,-2012500.0,0.0,0.0,2.7334047836205838e-05,2.7334047836205838e-05
2026-08-13,3812500.0,1837500.0,0.0,0.0,2.7334047836205838e-05,2.7334047836205838e-05
2026-08-16,4287500.0,-3062500.0,0.0,0.0,2.7334047836205838e-05,2.7334047836205838e-05
2026-08-14,-3762500.0,-362500.0,0.0,0.0,1.5609421769881e-05,1.5609421769881e-05
2026-08-13,1787500.0,-937500.0,1.0,1.0,0.9996142827460839,0.000385717253916118
2026-08-15,-1537500.0,2562500.0,0.64,0.64,0.6181789972590473,0.021821002740952666
2026-08-17,2812500.0,3537500.0,0.0,0.0,8.59342557366596e-05,8.59342557366596e-05
2026-08-15,4037500.0,-1012500.0,0.0,0.0,0.00016533127563315636,0.00016533127563315636
2026-08-16,-2512500.0,-2512500.0,0.0,0.0,1.5609421769881e-05,1.5609421769881e-05
2026-08-14,-2212500.0,-3887500.0,0.0,0.0,2.6386594085127214e-05,2.6386594085127214e-05
2026-08-17,-3287500.0,2812500.0,0.0,0.0,1.4762798402130472e-05,1.4762798402130472e-05
2026-08-16,3837500.0,487500.0,0.0,0.0,0.0006523964043384524,0.0006523964043384524
2026-08-14,1737500.0,-937500.0,1.0,1.0,0.9996142827460839,0.000385717253916118
2026-08-14,4212500.0,3187500.0,0.0,0.0,9.705783325969554e-05,9.705783325969554e-05
2026-08-17,137500.0,-3112500.0,0.0,0.0,0.00022426317688620503,0.00022426317688620503
2026-08-17,1212500.0,2337500.0,1.0,1.0,0.9984278127970303,0.0015721872029696993
2026-08-16,-3112500.0,-2387500.0,0.0,0.0,1.4762798402130472e-05,1.4762798402130472e-05
2026-08-17,4162500.0,62500.0,0.0,0.0,0.00016650885137318332,0.00016650885137318332
2026-08-17,-1362500.0,-2087500.0,0.59,0.61,0.598045743046111,0.011954256953888964
2026-08-14,-3712500.0,1562500.0,0.0,0.0,5.163654578840026e-05,5.163654578840026e-05
2026-08-14,-2412500.0,137500.0,0.97,0.97,0.9752064836752437,0.005206483675243678
2026-08-17,-2762500.0,-3212500.0,0.0,0.0,1.5609421769881e-05,1.5609421769881e-05
2026-08-18,4087500.0,2537500.0,0.0,0.0,2.7334047836205838e-05,2.7334047836205838e-05
2026-08-18,2662500.0,2637500.0,0.0,0.0,1.6210470313169908e-05,1.6210470313169908e-05
2026-08-15,2212500.0,2362500.0,0.0,0.0,0.004659987276330963,0.004659987276330963
2026-08-16,2437500.0,687500.0,1.0,1.0,0.9983652293920033,0.0016347706079966606
2026-08-17,187500.0,-3237500.0,0.0,0.0,0.0002234165535184545,0.0002234165535184545
2026-08-14,-912500.0,-2037500.0,0.48,0.59,0.43745662022592424,0.15254337977407573
2026-08-13,2212500.0,2162500.0,0.36,0.43,0.3633194941202123,0.06668050587978769
2026-08-15,-2687500.0,-1862500.0,0.8200000000000001,0.76,0.7681296193686895,0.0081296193686895
2026-08-16,-2287500.0,-2437500.0,0.0,0.0,1.5609421769881e-05,1.5609421769881e-05
2026-08-13,-2862500.0,-3137500.0,0.0,0.0,1.4762798402130472e-05,1.4762798402130472e-05
2026-08-18,-3437500.0,2787500.0,0.0,0.0,1.5609421769881e-05,1.5609421769881e-05
2026-08-16,-587500.0,-2112500.0,1.0,1.0,0.9888484369393165,0.011151563060683545
2026-08-15,-1262500.0,-1562500.0,1.0,1.0,0.9917112344419104,0.00828876555808955
2026-08-18,3987500.0,-2462500.0,0.0,0.0,2.7334047836205838e-05,2.7334047836205838e-05
2026-08-14,-3237500.0,-337500.0,0.0,0.0,1.5609421769881e-05,1.5609421769881e-05
2026-08-14,3612500.0,112500.0,0.2,0.0,0.1406213533604508,0.1406213533604508
2026-08-18,237500.0,3287500.0,0.0,0.25,0.1173883642040894,0.13261163579591062
2026-08-15,-2662500.0,3837500.0,0.0,0.0,8.59342557366596e-05,8.59342557366596e-05
2026-08-16,2212500.0,3712500.0,0.0,0.0,9.362982311574243e-05,9.362982311574243e-05
2026-08-16,-2112500.0,-2687500.0,0.0,0.0,1.5289119771951656e-05,1.5289119771951656e-05
2026-08-16,412500.0,-3162500.0,0.0,0.0,1.4762798402130472e-05,1.4762798402130472e-05
2026-08-14,-2137500.0,1937500.0,0.0,0.0,0.11146994362944705,0.11146994362944705
2026-08-14,-3712500.0,2637500.0,0.0,0.0,1.6210470313169908e-05,1.6210470313169908e-05
2026-08-13,2212500.0,-1712500.0,1.0,1.0,0.9904601336668974,0.009539866333102553
2026-08-17,2562500.0,2612500.0,0.0,0.0,8.012254171213228e-05,8.012254171213228e-05
2026-08-17,-3062500.0,-1612500.0,0.0,0.0,0.0006254145450206018,0.0006254145450206018
2026-08-17,1612500.0,-1262500.0,1.0,1.0,0.9996508565181318,0.0003491434818682082
2026-08-18,462500.0,-2862500.0,0.0,0.0,0.0002234165535184545,0.0002234165535184545
2026-08-15,-2262500.0,2762500.0,0.0,0.0,1.4762798402130472e-05,1.4762798402130472e-05
2026-08-16,-2962500.0,2262500.0,0.0,0.0,1.4762798402130472e-05,1.4762798402130472e-05
2026-08-16,-62500.0,3637500.0,0.0,0.0,0.00038642226581583704,0.00038642226581583704
2026-08-16,-2862500.0,-1737500.0,1.0,0.87,0.8627762147688874,0.007223785231112556
2026-08-18,-2287500.0,562500.0,0.9400000000000001,0.9500000000000001,0.9613923254049185,0.011392325404918413
2026-08-14,-1687500.0,-512500.0,1.0,1.0,0.991406835492683,0.008593164507316953
2026-08-17,3862500.0,-1437500.0,0.0,0.0,2.5886375925166402e-05,2.5886375925166402e-05
2026-08-14,812500.0,3362500.0,0.0,0.0,0.04906399538163012,0.04906399538163012
2026-08-14,4237500.0,2887500.0,0.0,0.0,0.0001289657208711393,0.0001289657208711393
2026-08-14,2437500.0,-1837500.0,0.96,0.98,0.9478729124711298,0.03212708752887017
2026-08-13,4162500.0,3262500.0,0.0,0.0,9.705783325969554e-05,9.705783325969554e-05
2026-08-14,-2837500.0,1112500.0,0.0,0.0,0.04183999888041541,0.04183999888041541
2026-08-13,-1612500.0,-1512500.0,1.0,1.0,0.98945281636964,0.010547183630360002
2026-08-15,3537500.0,-3262500.0,0.0,0.0,4.443171827860807e-05,4.443171827860807e-05
2026-08-14,-1387500.0,-712500.0,0.97,0.99,0.9756638826589368,0.014336117341063215
2026-08-15,437500.0,-3837500.0,0.0,0.0,1.4762798402130472e-05,1.4762798402130472e-05
2026-08-15,-3537500.0,-2787500.0,0.0,0.0,1.4762798402130472e-05,1.4762798402130472e-05
2026-08-13,-3862500.0,-3612500.0,0.0,0.0,1.6210470313169908e-05,1.6210470313169908e-05
2026-08-15,-362500.0,-3337500.0,0.0,0.0,1.4762798402130472e-05,1.4762798402130472e-05
2026-08-15,-662500.0,-2862500.0,0.0,0.0,2.1622899202598748e-05,2.1622899202598748e-05
2026-08-13,-1762500.0,3162500.0,0.0,0.0,0.00011932756045796045,0.00011932756045796045
2026-08-18,-3112500.0,2887500.0,0.0,0.0,0.00011639447143706396,0.00011639447143706396
2026-08-13,3312500.0,-3712500.0,0.0,0.0,1.6210470313169908e-05,1.6210470313169908e-05
2026-08-17,3362500.0,1087500.0,0.0,0.0,0.025983347622720004,0.025983347622720004
2026-08-13,-3637500.0,1787500.0,0.0,0.0,6.847994857633688e-05,6.847994857633688e-05
2026-08-18,2662500.0,712500.0,0.98,0.99,0.9685060950682258,0.021493904931774166
2026-08-17,-3512500.0,3687500.0,0.0,0.0,8.59342557366596e-05,8.59342557366596e-05
2026-08-16,2187500.0,1237500.0,1.0,1.0,0.9970564145473293,0.002943585452670705
2026-08-13,2312500.0,-1862500.0,1.0,1.0,0.9941694304819947,0.005830569518005313
2026-08-14,812500.0,3337500.0,0.0,0.0,0.06414483296179513,0.06414483296179513
2026-08-16,-762500.0,-3287500.0,0.0,0.0,3.160620119006712e-05,3.160620119006712e-05
2026-08-16,3437500.0,-1712500.0,0.63,0.61,0.6579321161419684,0.04793211614196846
2026-08-15,-3212500.0,-3712500.0,0.0,0.0,1.6210470313169908e-05,1.6210470313169908e-05
2026-08-15,-2737500.0,-1387500.0,0.62,0.52,0.4001199386134989,0.11988006138650109
2026-08-18,-3887500.0,-2262500.0,0.0,0.0,1.4762798402130472e-05,1.4762798402130472e-05
2026-08-18,1762500.0,-1212500.0,1.0,1.0,0.9996142827460839,0.000385717253916118
2026-08-17,1412500.0,3762500.0,0.0,0.0,8.448658382562016e-05,8.448658382562016e-05
2026-08-13,2512500.0,287500.0,1.0,1.0,0.9917442366421,0.008255763357900014
2026-08-15,2812500.0,-1262500.0,0.99,0.98,0.9835120055309146,0.003512005530914575
2026-08-16,-2087500.0,3887500.0,0.0,0.0,8.448658382562016e-05,8.448658382562016e-05
2026-08-15,2837500.0,912500.0,0.84,0.8200000000000001,0.8441003963505407,0.02410039635054062
2026-08-14,-62500.0,-3762500.0,0.0,0.0,1.4762798402130472e-05,1.4762798402130472e-05
2026-08-16,3687500.0,2062500.0,0.0,0.0,4.351036773738982e-05,4.351036773738982e-05
2026-08-16,2787500.0,3062500.0,0.0,0.0,8.448658382562016e-05,8.448658382562016e-05
2026-08-17,3487500.0,1362500.0,0.0,0.0,0.0018161657508335319,0.0018161657508335319
2026-08-17,12500.0,3437500.0,0.0,0.0,0.000643665105916375,0.000643665105916375
2026-08-18,-1412500.0,3237500.0,0.0,0.0,7.437777458557126e-05,7.437777458557126e-05
2026-08-15,-1837500.0,-62500.0,0.9500000000000001,0.97,0.9688866177811338,0.0011133822188661435
2026-08-13,1212500.0,-1287500.0,1.0,1.0,0.9995459842702292,0.00045401572977077365
2026-08-13,-2237500.0,-337500.0,1.0,1.0,0.9900599700772063,0.009940029922793747
2026-08-18,-362500.0,2962500.0,0.9400000000000001,0.9400000000000001,0.9270711649156184,0.012928835084381696
2026-08-17,-3537500.0,-1962500.0,0.0,0.0,1.5091346872868516e-05,1.5091346872868516e-05
2026-08-16,-2812500.0,-3037500.0,0.0,0.0,1.4762798402130472e-05,1.4762798402130472e-05
2026-08-13,-2887500.0,-2237500.0,0.0,0.0,0.00014224458313216213,0.00014224458313216213
2026-08-17,1962500.0,1187500.0,0.98,0.99,0.9572064191418113,0.03279358085818873
2026-08-16,-887500.0,-2837500.0,0.0,0.0,2.6386594085127214e-05,2.6386594085127214e-05
2026-08-18,587500.0,-2187500.0,0.99,0.99,0.9833963668380015,0.006603633161998523
2026-08-15,-2112500.0,3587500.0,0.0,0.0,8.448658382562016e-05,8.448658382562016e-05
2026-08-13,-3787500.0,-737500.0,0.0,0.0,1.4762798402130472e-05,1.4762798402130472e-05
2026-08-18,212500.0,2762500.0,1.0,1.0,0.9903243372970386,0.009675662702961385
2026-08-18,362500.0,-1912500.0,0.98,0.98,0.9722333537212313,0.007766646278768663
2026-08-18,3987500.0,2112500.0,0.0,0.0,2.7334047836205838e-05,2.7334047836205838e-05
2026-08-15,3312500.0,812500.0,0.86,0.79,0.8536159686117892,0.0636159686117892
2026-08-13,2262500.0,-562500.0,1.0,1.0,0.9986376561624413,0.0013623438375587327
2026-08-17,-2612500.0,-1087500.0,0.68,0.71,0.6738087719859422,0.03619122801405772
2026-08-14,-1637500.0,-3137500.0,0.0,0.0,2.2149220572419932e-05,2.2149220572419932e-05
2026-08-18,-2612500.0,-1262500.0,0.8300000000000001,0.92,0.8276821594202893,0.09231784057971071
2026-08-18,2687500.0,2637500.0,0.0,0.0,1.4762798402130472e-05,1.4762798402130472e-05
2026-08-17,-2737500.0,612500.0,0.74,0.76,0.7944101532957827,0.034410153295782675
2026-08-15,-2012500.0,1937500.0,0.97,0.96,0.9530681740368876,0.00693182596311237
2026-08-14,-3087500.0,3687500.0,0.0,0.0,8.59342557366596e-05,8.59342557366596e-05
2026-08-17,-1637500.0,2812500.0,0.0,0.0,0.0002843960682785775,0.0002843960682785775
2026-08-13,-2337500.0,2287500.0,0.0,0.0,0.0001145024089044691,0.0001145024089044691
2026-08-13,1862500.0,2012500.0,1.0,1.0,0.9975265608514001,0.0024734391485998763
2026-08-17,-3262500.0,-2187500.0,0.0,0.0,1.613574313970218e-05,1.613574313970218e-05
2026-08-13,962500.0,-1137500.0,0.79,0.86,0.8695923537125029,0.009592353712502888
2026-08-18,-1387500.0,-2362500.0,0.0,0.0,0.0004369802806767959,0.0004369802806767959
2026-08-14,3312500.0,2312500.0,0.0,0.0,1.4762798402130472e-05,1.4762798402130472e-05
2026-08-14,-3062500.0,-587500.0,0.0,0.0,1.6210470313169908e-05,1.6210470313169908e-05
2026-08-16,1662500.0,2562500.0,0.52,0.48,0.5623312235414907,0.0823312235414907
2026-08-18,3362500.0,3387500.0,0.0,0.0,8.59342557366596e-05,8.59342557366596e-05
2026-08-14,2187500.0,2637500.0,0.0,0.0,0.00034938492601785517,0.00034938492601785517
2026-08-17,3562500.0,-887500.0,0.3,0.37,0.3643980177728375,0.005601982227162516
2026-08-15,2812500.0,-487500.0,0.9500000000000001,0.9400000000000001,0.9688866177811338,0.028886617781133772
2026-08-18,2112500.0,3137500.0,0.0,0.0,8.448658382562016e-05,8.448658382562016e-05
2026-08-16,1862500.0,-1662500.0,1.0,1.0,0.999569722732368,0.0004302772676320066
2026-08-16,-3637500.0,-2687500.0,0.0,0.0,1.6210470313169908e-05,1.6210470313169908e-05
2026-08-14,1762500.0,-1112500.0,1.0,1.0,0.9996142827460839,0.000385717253916118
2026-08-13,3112500.0,-2137500.0,0.0,0.0,0.0013621883790910548,0.0013621883790910548
2026-08-15,2312500.0,3287500.0,0.0,0.0,9.362982311574243e-05,9.362982311574243e-05
2026-08-14,-2662500.0,-37500.0,0.72,0.59,0.5970556052901688,0.007055605290168798
2026-08-18,-1462500.0,-1587500.0,1.0,1.0,0.9922701183431444,0.0077298816568556195
2026-08-15,2062500.0,1262500.0,1.0,1.0,0.998294998880607,0.0017050011193929793
2026-08-16,-3237500.0,1237500.0,0.0,0.0,5.163654578840026e-05,5.163654578840026e-05
2026-08-18,2712500.0,-1637500.0,0.98,0.98,0.9695218454730549,0.010478154526945116
2026-08-16,-1387500.0,-837500.0,1.0,1.0,0.9917814474971111,0.008218552502888943
2026-08-17,-3312500.0,37500.0,0.0,0.0,2.3906037692252715e-05,2.3906037692252715e-05
2026-08-13,287500.0,3087500.0,0.52,0.5700000000000001,0.5774557546242559,0.00745575462425585
2026-08-13,2087500.0,-2712500.0,0.0,0.0,0.0001209576948328222,0.0001209576948328222
2026-08-17,-2162500.0,1312500.0,0.8200000000000001,0.8200000000000001,0.8528834182412324,0.03288341824123231
2026-08-14,362500.0,-2762500.0,0.0,0.0,0.00018025942445990063,0.00018025942445990063
2026-08-14,2512500.0,-3837500.0,0.0,0.0,1.6210470313169908e-05,1.6210470313169908e-05
2026-08-15,2112500.0,987500.0,1.0,1.0,0.9983213106941088,0.0016786893058912122
2026-08-13,-3387500.0,-837500.0,0.0,0.0,1.4762798402130472e-05,1.4762798402130472e-05
2026-08-14,3587500.0,-2812500.0,0.0,0.0,4.443171827860807e-05,4.443171827860807e-05
2026-08-13,-2562500.0,1212500.0,0.33,0.44,0.36756949364866076,0.07243050635133924
2026-08-15,3587500.0,-1187500.0,0.0,0.0,0.0010557288387262709,0.0010557288387262709
2026-08-13,1962500.0,3212500.0,0.0,0.0,9.362982311574243e-05,9.362982311574243e-05
2026-08-13,62500.0,2887500.0,0.9500000000000001,0.9,0.9310219730605493,0.031021973060549324
2026-08-14,3387500.0,-3137500.0,0.0,0.0,1.6210470313169908e-05,1.6210470313169908e-05
2026-08-18,-1512500.0,437500.0,0.99,0.99,0.9845227600831737,0.005477239916826249
2026-08-17,3212500.0,3687500.0,0.0,0.0,8.59342557366596e-05,8.59342557366596e-05
2026-08-15,2037500.0,1037500.0,1.0,1.0,0.9982194464110142,0.001780553588985767
2026-08-14,2787500.0,1162500.0,0.89,0.88,0.8471334321644143,0.032866567835585725
2026-08-18,3162500.0,-2462500.0,0.0,0.0,1.4762798402130472e-05,1.4762798402130472e-05
2026-08-16,3662500.0,-2162500.0,0.0,0.0,4.298404636756863e-05,4.298404636756863e-05
2026-08-16,737500.0,-2362500.0,0.97,0.96,0.9588484369393164,0.0011515630606835359
2026-08-14,-2987500.0,-3012500.0,0.0,0.0,1.9878123061678213e-05,1.9878123061678213e-05
2026-08-15,1662500.0,-3012500.0,0.0,0.0,0.00011481428601549628,0.00011481428601549628
2026-08-17,-2637500.0,-2862500.0,0.0,0.0,1.5609421769881e-05,1.5609421769881e-05
2026-08-17,4312500.0,-2237500.0,0.0,0.0,2.7334047836205838e-05,2.7334047836205838e-05
2026-08-18,-2237500.0,1062500.0,0.97,0.97,0.9787302870633086,0.008730287063308584
2026-08-13,-3812500.0,3712500.0,0.0,0.0,8.59342557366596e-05,8.59342557366596e-05
2026-08-16,562500.0,3087500.0,0.65,0.64,0.7077455393773738,0.06774553937737382
2026-08-17,-1237500.0,-2387500.0,0.0,0.0,0.005474036979529287,0.005474036979529287
2026-08-13,-3812500.0,2862500.0,0.0,0.0,0.0008068414690805227,0.0008068414690805227
2026-08-18,-2562500.0,-2637500.0,0.0,0.0,1.5609421769881e-05,1.5609421769881e-05
2026-08-13,-2662500.0,987500.0,0.0,0.0,0.08250601235348949,0.08250601235348949
2026-08-14,1462500.0,2887500.0,0.0,0.0,0.042547252459857014,0.042547252459857014
2026-08-14,3837500.0,287500.0,0.0,0.0,0.00590626262040725,0.00590626262040725
2026-08-15,-3187500.0,-2087500.0,0.0,0.0,1.4762798402130472e-05,1.4762798402130472e-05
2026-08-18,-2162500.0,387500.0,1.0,1.0,0.9963639886092301,0.0036360113907698555
2026-08-14,2462500.0,2637500.0,0.0,0.0,1.4762798402130472e-05,1.4762798402130472e-05
2026-08-17,-3687500.0,2512500.0,0.0,0.0,1.5609421769881e-05,1.5609421769881e-05
2026-08-16,-1487500.0,2537500.0,0.72,0.6900000000000001,0.6812693044974598,0.008730695502540242
2026-08-15,3537500.0,-187500.0,0.47000000000000003,0.5,0.5574386095605863,0.05743860956058633
2026-08-14,-512500.0,3362500.0,0.0,0.0,0.005552839641313499,0.005552839641313499
2026-08-15,-3037500.0,-1637500.0,0.0,0.0,0.00018432206049353369,0.00018432206049353369
2026-08-17,-2812500.0,-3612500.0,0.0,0.0,1.6210470313169908e-05,1.6210470313169908e-05
2026-08-15,3662500.0,-1087500.0,0.0,0.0,0.0008844784098134112,0.0008844784098134112
2026-08-13,487500.0,-3737500.0,0.0,0.0,1.4762798402130472e-05,1.4762798402130472e-05
2026-08-15,4237500.0,-537500.0,0.0,0.0,0.00025378971018555704,0.00025378971018555704
2026-08-18,-687500.0,-3712500.0,0.0,0.0,1.4762798402130472e-05,1.4762798402130472e-05
2026-08-15,2362500.0,3312500.0,0.0,0.0,8.448658382562016e-05,8.448658382562016e-05
2026-08-17,-62500.0,3762500.0,0.0,0.0,0.00048147743158593,0.00048147743158593
2026-08-16,1762500.0,-2937500.0,0.0,0.0,0.00011481428601549628,0.00011481428601549628
2026-08-17,4312500.0,-187500.0,0.0,0.0,3.586037088986965e-05,3.586037088986965e-05
2026-08-14,3662500.0,-3812500.0,0.0,0.0,4.443171827860807e-05,4.443171827860807e-05
2026-08-15,3812500.0,-612500.0,0.0,0.0,0.0008277710611192803,0.0008277710611192803
2026-08-16,2087500.0,-1937500.0,1.0,1.0,0.9888484369393165,0.011151563060683545
2026-08-14,-2537500.0,-3512500.0,0.0,0.0,3.0759577822316593e-05,3.0759577822316593e-05
2026-08-18,1912500.0,-787500.0,1.0,1.0,0.999569722732368,0.0004302772676320066
2026-08-13,2562500.0,1212500.0,0.99,0.98,0.9814065400527976,0.0014065400527976113
2026-08-15,-3737500.0,1462500.0,0.0,0.0,1.4762798402130472e-05,1.4762798402130472e-05
2026-08-15,-2112500.0,-1487500.0,0.98,1.0,0.9716547630687862,0.028345236931213824
2026-08-15,-1987500.0,2962500.0,0.0,0.0,8.448658382562016e-05,8.448658382562016e-05
2026-08-18,-3112500.0,3887500.0,0.0,0.0,8.59342557366596e-05,8.59342557366596e-05
2026-08-16,3312500.0,3487500.0,0.0,0.0,8.59342557366596e-05,8.59342557366596e-05
2026-08-15,612500.0,3737500.0,0.0,0.0,0.000436323229254868,0.000436323229254868
2026-08-14,-537500.0,-2537500.0,0.0,0.0,0.020957349201968855,0.020957349201968855
2026-08-18,-3637500.0,1112500.0,0.0,0.0,5.216286715822144e-05,5.216286715822144e-05
2026-08-15,-1962500.0,3737500.0,0.0,0.0,8.448658382562016e-05,8.448658382562016e-05
2026-08-16,3762500.0,287500.0,0.0,0.0,0.00171242223453462,0.00171242223453462
2026-08-18,4287500.0,-1362500.0,0.0,0.0,2.5886375925166402e-05,2.5886375925166402e-05
2026-08-14,-2562500.0,1987500.0,0.0,0.0,0.00013206074583223195,0.00013206074583223195
2026-08-14,-537500.0,2712500.0,0.93,0.89,0.9010188341362549,0.01101883413625493
2026-08-15,487500.0,3937500.0,0.0,0.0,0.0002731456751985803,0.0002731456751985803
2026-08-16,-3562500.0,-1062500.0,0.0,0.0,1.4762798402130472e-05,1.4762798402130472e-05
2026-08-17,3637500.0,-1662500.0,0.0,0.0,4.443171827860807e-05,4.443171827860807e-05
2026-08-13,3212500.0,412500.0,0.88,0.92,0.8621479065526851,0.0578520934473149
2026-08-13,-2187500.0,762500.0,1.0,1.0,0.9911865945179086,0.008813405482091419
2026-08-13,4137500.0,-1037500.0,0.0,0.0,0.00019150484787753573,0.00019150484787753573
2026-08-15,-3812500.0,1837500.0,0.0,0.0,1.5289119771951656e-05,1.5289119771951656e-05
2026-08-15,-3762500.0,-2737500.0,0.0,0.0,1.6210470313169908e-05,1.6210470313169908e-05
2026-08-15,-3412500.0,-3612500.0,0.0,0.0,1.6210470313169908e-05,1.6210470313169908e-05
2026-08-15,-3737500.0,-2212500.0,0.0,0.0,1.4762798402130472e-05,1.4762798402130472e-05
2026-08-18,-2637500.0,287500.0,0.86,0.93,0.906932899329779,0.023067100670220997
2026-08-15,3162500.0,1612500.0,0.0,0.0,0.00035277050300091823,0.00035277050300091823
2026-08-17,-3787500.0,-1362500.0,0.0,0.0,1.4762798402130472e-05,1.4762798402130472e-05
2026-08-18,1637500.0,-3262500.0,0.0,0.0,1.4762798402130472e-05,1.4762798402130472e-05
2026-08-17,-3112500.0,1987500.0,0.0,0.0,1.6210470313169908e-05,1.6210470313169908e-05
2026-08-18,-3737500.0,3062500.0,0.0,0.0,8.59342557366596e-05,8.59342557366596e-05
2026-08-13,-1637500.0,-3287500.0,0.0,0.0,2.1622899202598748e-05,2.1622899202598748e-05
2026-08-16,-1187500.0,-3712500.0,0.0,0.0,3.0759577822316593e-05,3.0759577822316593e-05
2026-08-16,1287500.0,-1137500.0,1.0,1.0,0.9996508565181318,0.0003491434818682082
2026-08-16,-687500.0,2937500.0,0.72,0.74,0.7680689984070759,0.028068998407075885
2026-08-16,112500.0,-3212500.0,0.0,0.0,1.4762798402130472e-05,1.4762798402130472e-05
2026-08-13,4012500.0,-3462500.0,0.0,0.0,2.7334047836205838e-05,2.7334047836205838e-05
2026-08-17,3212500.0,-1937500.0,0.74,0.68,0.718411322011335,0.0384113220113349
2026-08-17,1687500.0,-2287500.0,1.0,1.0,0.9881799721900352,0.011820027809964828
2026-08-18,1312500.0,-2612500.0,0.0,0.0,0.03100903248671871,0.03100903248671871
2026-08-17,-3137500.0,3162500.0,0.0,0.0,8.448658382562016e-05,8.448658382562016e-05
2026-08-17,-2162500.0,-1387500.0,0.9500000000000001,0.96,0.9688866177811338,0.008886617781133865
2026-08-13,-2862500.0,-2862500.0,0.0,0.0,1.4762798402130472e-05,1.4762798402130472e-05
2026-08-16,2787500.0,3437500.0,0.0,0.0,9.362982311574243e-05,9.362982311574243e-05
2026-08-14,-762500.0,2712500.0,0.99,1.0,0.9652155192497891,0.0347844807502109
2026-08-18,-2337500.0,-2937500.0,0.0,0.0,1.4762798402130472e-05,1.4762798402130472e-05
2026-08-17,-3687500.0,812500.0,0.0,0.0,5.163654578840026e-05,5.163654578840026e-05
2026-08-14,-3112500.0,437500.0,0.0,0.0,3.0759577822316593e-05,3.0759577822316593e-05
2026-08-18,-1912500.0,-2737500.0,0.0,0.0,1.4762798402130472e-05,1.4762798402130472e-05
2026-08-18,-1012500.0,-2987500.0,0.0,0.0,1.4762798402130472e-05,1.4762798402130472e-05
2026-08-17,-3637500.0,-337500.0,0.0,0.0,1.4762798402130472e-05,1.4762798402130472e-05
2026-08-13,-1212500.0,3512500.0,0.0,0.0,8.448658382562016e-05,8.448658382562016e-05
2026-08-13,187500.0,3512500.0,0.0,0.0,0.0004176022333611554,0.0004176022333611554
2026-08-16,-162500.0,3712500.0,0.0,0.0,0.00047426560209400635,0.00047426560209400635
2026-08-16,1712500.0,-862500.0,1.0,1.0,0.9996324784611107,0.00036752153888930383
2026-08-15,-987500.0,-3012500.0,0.0,0.0,2.1622899202598748e-05,2.1622899202598748e-05
2026-08-17,-3737500.0,2712500.0,0.0,0.0,1.6210470313169908e-05,1.6210470313169908e-05
2026-08-16,3412500.0,-1762500.0,0.71,0.72,0.7187878677623313,0.001212132237668695
2026-08-17,1787500.0,2337500.0,0.96,0.97,0.9404798111200667,0.02952018887993324
2026-08-13,4187500.0,-2762500.0,0.0,0.0,2.7334047836205838e-05,2.7334047836205838e-05
2026-08-16,162500.0,-3687500.0,0.0,0.0,1.4762798402130472e-05,1.4762798402130472e-05
2026-08-16,-2262500.0,862500.0,1.0,0.99,0.9894540330764222,0.0005459669235777787
2026-08-14,3312500.0,-312500.0,0.86,0.89,0.932694918380663,0.04269491838066297
2026-08-14,2512500.0,12500.0,0.99,1.0,0.9854321013183778,0.014567898681622227
2026-08-13,-3237500.0,-837500.0,0.0,0.0,1.4762798402130472e-05,1.4762798402130472e-05
2026-08-13,2962500.0,1862500.0,0.0,0.0,0.000436123174360964,0.000436123174360964
2026-08-15,-187500.0,-2262500.0,1.0,1.0,0.9887172583529936,0.011282741647006378
2026-08-16,3687500.0,562500.0,0.0,0.0,0.12427567462181562,0.12427567462181562
2026-08-14,-937500.0,-3312500.0,0.0,0.0,1.4762798402130472e-05,1.4762798402130472e-05
2026-08-13,-1462500.0,-462500.0,1.0,0.99,0.9920183251175942,0.002018325117594255
2026-08-18,-3237500.0,-3837500.0,0.0,0.0,1.6210470313169908e-05,1.6210470313169908e-05
2026-08-18,-3712500.0,1087500.0,0.0,0.0,5.2811717626888835e-05,5.2811717626888835e-05
2026-08-13,2587500.0,3937500.0,0.0,0.0,8.59342557366596e-05,8.59342557366596e-05
2026-08-14,-1437500.0,-112500.0,1.0,1.0,0.9974761701104051,0.002523829889594875
2026-08-13,2137500.0,-1712500.0,1.0,1.0,0.9901779578112226,0.009822042188777358
2026-08-18,-2887500.0,1137500.0,0.0,0.0,0.00046212751024769626,0.00046212751024769626
2026-08-17,3362500.0,1062500.0,0.0,0.0,0.03842955130136056,0.03842955130136056
2026-08-16,-1562500.0,3637500.0,0.0,0.0,8.30507673580773e-05,8.30507673580773e-05
2026-08-18,2737500.0,-2512500.0,0.0,0.0,1.4762798402130472e-05,1.4762798402130472e-05
2026-08-17,37500.0,-2262500.0,1.0,1.0,0.9883429846877789,0.011657015312221075
2026-08-13,1162500.0,-3512500.0,0.0,0.0,1.5609421769881e-05,1.5609421769881e-05
2026-08-15,-212500.0,-2137500.0,0.96,0.98,0.9487172583529936,0.031282741647006396
2026-08-17,2862500.0,3662500.0,0.0,0.0,8.59342557366596e-05,8.59342557366596e-05
2026-08-15,2187500.0,1662500.0,0.98,1.0,0.9596461001497433,0.040353899850256725
2026-08-14,-2987500.0,3912500.0,0.0,0.0,8.59342557366596e-05,8.59342557366596e-05
2026-08-17,-2187500.0,-3387500.0,0.0,0.0,1.4762798402130472e-05,1.4762798402130472e-05
2026-08-17,1037500.0,-3862500.0,0.0,0.0,1.4762798402130472e-05,1.4762798402130472e-05
2026-08-18,2137500.0,-1512500.0,0.98,0.99,0.9726995767348264,0.01730042326517356
2026-08-15,1312500.0,3212500.0,0.0,0.0,0.00030196267711067696,0.00030196267711067696
2026-08-15,-412500.0,-2862500.0,0.0,0.0,1.4762798402130472e-05,1.4762798402130472e-05
2026-08-15,3987500.0,487500.0,0.0,0.0,0.0004133904097682479,0.0004133904097682479
2026-08-14,3762500.0,-3812500.0,0.0,0.0,2.7334047836205838e-05,2.7334047836205838e-05
2026-08-18,4087500.0,-3587500.0,0.0,0.0,2.7334047836205838e-05,2.7334047836205838e-05
2026-08-15,3337500.0,-3362500.0,0.0,0.0,1.6210470313169908e-05,1.6210470313169908e-05
2026-08-15,-1437500.0,-2437500.0,0.0,0.0,0.00011128115160115515,0.00011128115160115515
2026-08-15,2212500.0,-937500.0,1.0,1.0,0.9978679176886022,0.0021320823113978316
2026-08-16,2312500.0,3762500.0,0.0,0.0,9.362982311574243e-05,9.362982311574243e-05
2026-08-14,1162500.0,3562500.0,0.0,0.0,0.0003316780567948587,0.0003316780567948587
2026-08-14,-1687500.0,-312500.0,1.0,1.0,0.991369624637672,0.008630375362328024
2026-08-14,-3412500.0,-2987500.0,0.0,0.0,1.6210470313169908e-05,1.6210470313169908e-05
2026-08-16,-2687500.0,-2562500.0,0.0,0.0,1.4762798402130472e-05,1.4762798402130472e-05
2026-08-18,-3062500.0,-1137500.0,0.0,0.0,3.990281711243884e-05,3.990281711243884e-05
2026-08-15,-987500.0,2887500.0,0.7000000000000001,0.61,0.6734086867184539,0.0634086867184539
2026-08-15,4037500.0,1962500.0,0.0,0.0,2.5886375925166402e-05,2.5886375925166402e-05
2026-08-16,-1212500.0,-362500.0,0.72,0.79,0.8339039856389537,0.0439039856389537
2026-08-18,537500.0,2462500.0,0.8200000000000001,0.86,0.8432262712612391,0.01677372873876093
2026-08-14,3912500.0,-1462500.0,0.0,0.0,0.0003192071556931778,0.0003192071556931778
2026-08-13,-2262500.0,1362500.0,0.99,0.98,0.9586757062357902,0.021324293764209745
2026-08-13,-3412500.0,-2487500.0,0.0,0.0,1.5609421769881e-05,1.5609421769881e-05
2026-08-14,2687500.0,637500.0,0.98,0.97,0.9693743730657902,0.0006256269342097553
2026-08-16,4337500.0,-3712500.0,0.0,0.0,2.7334047836205838e-05,2.7334047836205838e-05
2026-08-16,2612500.0,3912500.0,0.0,0.0,8.59342557366596e-05,8.59342557366596e-05
2026-08-13,-2187500.0,-212500.0,0.9500000000000001,0.97,0.9135855083854908,0.05641449161450918
2026-08-13,87500.0,3287500.0,0.0,0.0,0.060890801534258736,0.060890801534258736
2026-08-14,887500.0,3862500.0,0.0,0.0,0.0003320001182419479,0.0003320001182419479
2026-08-18,4087500.0,412500.0,0.0,0.0,0.0003796724301651924,0.0003796724301651924
2026-08-17,-2687500.0,-3687500.0,0.0,0.0,1.6210470313169908e-05,1.6210470313169908e-05
2026-08-16,4212500.0,-3487500.0,0.0,0.0,2.7334047836205838e-05,2.7334047836205838e-05
2026-08-16,2187500.0,3287500.0,0.0,0.0,8.448658382562016e-05,8.448658382562016e-05
2026-08-18,-937500.0,2637500.0,1.0,1.0,0.9790712224119157,0.020928777588084313
2026-08-13,-2737500.0,-2612500.0,0.0,0.0,2.1622899202598748e-05,2.1622899202598748e-05
2026-08-14,-2162500.0,362500.0,1.0,1.0,0.9885715745447706,0.011428425455229374
2026-08-15,1637500.0,-2237500.0,1.0,1.0,0.9888484369393165,0.011151563060683545
2026-08-17,2862500.0,-37500.0,0.9500000000000001,0.9500000000000001,0.9701209076374634,0.020120907637463326
2026-08-16,3862500.0,-1762500.0,0.0,0.0,2.6412697294987583e-05,2.6412697294987583e-05
2026-08-18,1687500.0,-1062500.0,1.0,1.0,0.9996508565181318,0.0003491434818682082
2026-08-14,-1562500.0,3262500.0,0.0,0.0,8.30507673580773e-05,8.30507673580773e-05
2026-08-16,-1762500.0,3162500.0,0.0,0.0,8.448658382562016e-05,8.448658382562016e-05
2026-08-16,1662500.0,3087500.0,0.0,0.0,0.00019859347676696534,0.00019859347676696534
2026-08-17,2162500.0,462500.0,1.0,1.0,0.9981908287890218,0.0018091712109782332
2026-08-18,-3112500.0,1362500.0,0.0,0.0,5.163654578840026e-05,5.163654578840026e-05
2026-08-18,1362500.0,3237500.0,0.0,0.0,0.00031215861464658606,0.00031215861464658606
2026-08-14,-1537500.0,-2112500.0,0.25,0.29,0.15958006045823186,0.13041993954176812
2026-08-17,3612500.0,2387500.0,0.0,0.0,4.298404636756863e-05,4.298404636756863e-05
2026-08-17,3912500.0,-3462500.0,0.0,0.0,2.7334047836205838e-05,2.7334047836205838e-05
2026-08-13,-12500.0,2812500.0,0.96,0.92,0.9306563278850355,0.010656327885035455
2026-08-18,3012500.0,1412500.0,0.0,0.23,0.009544031767357773,0.22045596823264224
2026-08-18,2662500.0,2912500.0,0.0,0.0,8.448658382562016e-05,8.448658382562016e-05
2026-08-17,537500.0,-3162500.0,0.0,0.0,0.0002234165535184545,0.0002234165535184545
2026-08-15,-3612500.0,-512500.0,0.0,0.0,1.4762798402130472e-05,1.4762798402130472e-05
2026-08-17,2912500.0,1912500.0,0.0,0.0,0.00042036199448246167,0.00042036199448246167
2026-08-13,-2687500.0,-2662500.0,0.0,0.0,2.1622899202598748e-05,2.1622899202598748e-05
2026-08-16,2637500.0,-1962500.0,1.0,1.0,0.9887172583529936,0.011282741647006378
2026-08-16,-1287500.0,-212500.0,1.0,1.0,0.9869787846104675,0.013021215389532492
2026-08-17,2962500.0,-712500.0,0.93,0.9400000000000001,0.9532347369551907,0.013234736955190618
2026-08-16,3762500.0,-1787500.0,0.0,0.0,2.7334047836205838e-05,2.7334047836205838e-05
2026-08-14,-12500.0,-2037500.0,0.96,0.97,0.9483816016400567,0.02161839835994328
2026-08-16,3637500.0,-1012500.0,0.0,0.0,0.0013190446310412426,0.0013190446310412426
2026-08-13,2937500.0,-762500.0,0.9500000000000001,0.9500000000000001,0.964559943710248,0.014559943710247936
2026-08-17,1412500.0,3162500.0,0.0,0.0,0.0008549729255518544,0.0008549729255518544
2026-08-17,2162500.0,187500.0,1.0,1.0,0.9866859330814148,0.013314066918585166
2026-08-13,2462500.0,3412500.0,0.0,0.0,0.00011932756045796045,0.00011932756045796045
2026-08-13,3187500.0,-237500.0,0.96,0.97,0.939231353304697,0.030768646695302992
2026-08-18,-812500.0,2912500.0,0.66,0.66,0.5735265490705398,0.08647345092946024
2026-08-14,3612500.0,-2037500.0,0.0,0.0,0.0005394405151848889,0.0005394405151848889
2026-08-15,-3412500.0,3387500.0,0.0,0.0,8.59342557366596e-05,8.59342557366596e-05
2026-08-14,-387500.0,-1687500.0,0.9500000000000001,0.97,0.9380835132563382,0.031916486743661765
2026-08-17,-3687500.0,-1537500.0,0.0,0.0,1.4762798402130472e-05,1.4762798402130472e-05
2026-08-14,-187500.0,-2637500.0,0.0,0.0,0.055005188611155054,0.055005188611155054
2026-08-14,1787500.0,-2037500.0,1.0,1.0,0.9994933902320001,0.0005066097679998771
2026-08-18,3537500.0,-587500.0,0.6,0.65,0.6155006545978554,0.03449934540214461
2026-08-18,987500.0,2512500.0,1.0,1.0,0.9980953280301177,0.00190467196988231
2026-08-16,-1237500.0,-2412500.0,0.0,0.0,0.002910669468088879,0.002910669468088879
2026-08-13,-3687500.0,-2187500.0,0.0,0.0,1.4762798402130472e-05,1.4762798402130472e-05
2026-08-17,4212500.0,3937500.0,0.0,0.0,9.705783325969554e-05,9.705783325969554e-05
2026-08-17,-3437500.0,-1412500.0,0.0,0.0,1.4762798402130472e-05,1.4762798402130472e-05
2026-08-16,-1337500.0,-912500.0,0.98,0.97,0.9720661588973557,0.00206615889735573
2026-08-17,2187500.0,1737500.0,1.0,0.99,0.9860462810795289,0.003953718920471139
2026-08-14,1037500.0,-1237500.0,1.0,1.0,0.9995205554766818,0.0004794445233181621
2026-08-17,-1487500.0,-1637500.0,1.0,1.0,0.9919226380124178,0.008077361987582243
2026-08-15,-1112500.0,2737500.0,0.55,0.47000000000000003,0.521834517235862,0.05183451723586202
2026-08-18,3137500.0,3462500.0,0.0,0.0,8.59342557366596e-05,8.59342557366596e-05
2026-08-13,-3487500.0,1162500.0,0.0,0.0,3.0759577822316593e-05,3.0759577822316593e-05
2026-08-14,2237500.0,862500.0,1.0,1.0,0.9980759384825465,0.0019240615174535014
2026-08-17,2762500.0,2212500.0,0.0,0.0,1.6210470313169908e-05,1.6210470313169908e-05
2026-08-18,-2987500.0,-1012500.0,0.0,0.0,0.00023746994220187736,0.00023746994220187736
2026-08-14,-2437500.0,-3562500.0,0.0,0.0,3.0759577822316593e-05,3.0759577822316593e-05
2026-08-16,1862500.0,3287500.0,0.0,0.0,0.0002757077430542152,0.0002757077430542152
2026-08-17,-137500.0,-3787500.0,0.0,0.0,0.00036027233077815034,0.00036027233077815034
2026-08-17,3737500.0,612500.0,0.0,0.0,0.09590590451199253,0.09590590451199253
2026-08-18,2887500.0,-1137500.0,1.0,1.0,0.9899307260972399,0.010069273902760134
2026-08-16,3487500.0,2112500.0,0.0,0.0,4.298404636756863e-05,4.298404636756863e-05
2026-08-16,-3137500.0,3312500.0,0.0,0.0,8.59342557366596e-05,8.59342557366596e-05
2026-08-14,1237500.0,2312500.0,1.0,1.0,0.9983776242404048,0.0016223757595952293
2026-08-17,-3287500.0,1387500.0,0.0,0.0,2.4752661060003246e-05,2.4752661060003246e-05
2026-08-18,-1037500.0,-2862500.0,0.0,0.0,1.4762798402130472e-05,1.4762798402130472e-05
2026-08-13,-12500.0,2762500.0,1.0,0.99,0.9839022366624219,0.006097763337578055
2026-08-14,2762500.0,-1687500.0,1.0,1.0,0.9915491466663058,0.00845085333369422
2026-08-18,-1337500.0,-1912500.0,0.78,0.8200000000000001,0.7682297349685266,0.05177026503147342
2026-08-18,3537500.0,-712500.0,0.58,0.64,0.5915991951450065,0.04840080485499354
2026-08-18,-3612500.0,2187500.0,0.0,0.0,1.4762798402130472e-05,1.4762798402130472e-05
2026-08-13,2912500.0,-3237500.0,0.0,0.0,1.4762798402130472e-05,1.4762798402130472e-05
2026-08-13,2762500.0,-3812500.0,0.0,0.0,1.6210470313169908e-05,1.6210470313169908e-05
2026-08-15,1762500.0,-2337500.0,0.9500000000000001,0.92,0.9511555767477652,0.031155576747765146
2026-08-18,2187500.0,-937500.0,1.0,1.0,0.9977017768784215,0.0022982231215784577
2026-08-15,-1162500.0,-3887500.0,0.0,0.0,1.5609421769881e-05,1.5609421769881e-05
2026-08-15,2337500.0,-137500.0,1.0,1.0,0.9983311272992795,0.0016688727007204696
2026-08-17,3187500.0,587500.0,1.0,1.0,0.9896234505489274,0.01037654945107258
2026-08-18,412500.0,-3512500.0,0.0,0.0,0.0002234165535184545,0.0002234165535184545
2026-08-13,-1012500.0,2712500.0,0.88,0.8200000000000001,0.8278911330499504,0.007891133049950372
2026-08-15,-3562500.0,1337500.0,0.0,0.0,1.4762798402130472e-05,1.4762798402130472e-05
2026-08-15,-2937500.0,-3487500.0,0.0,0.0,1.6210470313169908e-05,1.6210470313169908e-05
2026-08-16,-1512500.0,-2612500.0,0.0,0.0,1.4762798402130472e-05,1.4762798402130472e-05
2026-08-17,-1912500.0,2287500.0,0.0,0.0,0.00013746489778702434,0.00013746489778702434
2026-08-16,-3737500.0,3912500.0,0.0,0.0,8.59342557366596e-05,8.59342557366596e-05
2026-08-16,3887500.0,2487500.0,0.0,0.0,2.7334047836205838e-05,2.7334047836205838e-05
2026-08-16,2212500.0,-1137500.0,1.0,1.0,0.9942622068155865,0.0057377931844134755
2026-08-14,-2612500.0,-1137500.0,0.85,0.76,0.7378809113173649,0.022119088682635124
2026-08-17,-387500.0,-3237500.0,0.0,0.0,0.0003249531027699801,0.0003249531027699801
2026-08-14,3387500.0,3787500.0,0.0,0.0,8.59342557366596e-05,8.59342557366596e-05
2026-08-13,-1712500.0,-2737500.0,0.0,0.0,2.1622899202598748e-05,2.1622899202598748e-05
2026-08-18,3937500.0,1112500.0,0.0,0.0,0.0005117971412603442,0.0005117971412603442
2026-08-17,-3587500.0,2362500.0,0.0,0.0,1.4762798402130472e-05,1.4762798402130472e-05
2026-08-16,-1487500.0,2637500.0,0.56,0.42,0.550350309845148,0.130350309845148
2026-08-18,3937500.0,-1212500.0,0.0,0.0,2.5886375925166402e-05,2.5886375925166402e-05
2026-08-14,4137500.0,587500.0,0.0,0.0,2.5886375925166402e-05,2.5886375925166402e-05
2026-08-13,2987500.0,-2062500.0,0.45,0.41000000000000003,0.5070665668784441,0.09706656687844406
2026-08-14,-3112500.0,-912500.0,0.0,0.0,1.4762798402130472e-05,1.4762798402130472e-05
2026-08-17,1812500.0,2362500.0,0.9400000000000001,0.9400000000000001,0.9057812281719435,0.03421877182805655
2026-08-14,2262500.0,-1162500.0,0.99,1.0,0.9856607205088209,0.01433927949117908
2026-08-18,1987500.0,-537500.0,1.0,1.0,0.998180909084248,0.001819090915752053
2026-08-13,3487500.0,-1487500.0,0.0,0.0,0.0391423576035735,0.0391423576035735
2026-08-13,-2562500.0,-2787500.0,0.0,0.0,2.1622899202598748e-05,2.1622899202598748e-05
2026-08-18,-2137500.0,-1287500.0,1.0,1.0,0.991562472941904,0.008437527058095973
2026-08-17,-2912500.0,-2612500.0,0.0,0.0,1.5289119771951656e-05,1.5289119771951656e-05
2026-08-17,-1387500.0,-937500.0,0.99,0.99,0.9819738687704735,0.008026131229526445
2026-08-16,-1987500.0,3937500.0,0.0,0.0,8.448658382562016e-05,8.448658382562016e-05
2026-08-18,2837500.0,-2637500.0,0.0,0.0,1.5289119771951656e-05,1.5289119771951656e-05
2026-08-14,-37500.0,-2062500.0,0.99,0.99,0.9783816016400567,0.011618398359943272
2026-08-16,-512500.0,-2812500.0,0.0,0.0,3.0759577822316593e-05,3.0759577822316593e-05
2026-08-18,-2387500.0,-337500.0,0.99,0.98,0.9823968090616961,0.002396809061696148
2026-08-16,2487500.0,3762500.0,0.0,0.0,9.362982311574243e-05,9.362982311574243e-05
2026-08-18,-3562500.0,-3762500.0,0.0,0.0,1.6210470313169908e-05,1.6210470313169908e-05
2026-08-13,-1587500.0,-1737500.0,1.0,1.0,0.990323315369135,0.009676684630865018
2026-08-14,-2812500.0,3612500.0,0.0,0.0,8.59342557366596e-05,8.59342557366596e-05
2026-08-16,3287500.0,2562500.0,0.0,0.0,1.5609421769881e-05,1.5609421769881e-05
2026-08-17,1462500.0,3487500.0,0.0,0.0,0.00014600992945245313,0.00014600992945245313
2026-08-16,4112500.0,-612500.0,0.0,0.0,0.00035760248262910096,0.00035760248262910096
2026-08-14,-2562500.0,2687500.0,0.0,0.0,1.4762798402130472e-05,1.4762798402130472e-05
2026-08-16,-2312500.0,-1687500.0,1.0,1.0,0.991153592317719,0.008846407682280955
2026-08-15,3712500.0,-3537500.0,0.0,0.0,2.7334047836205838e-05,2.7334047836205838e-05
2026-08-18,2512500.0,2362500.0,0.0,0.0,0.0003393889501750181,0.0003393889501750181
2026-08-13,2812500.0,-1687500.0,1.0,1.0,0.9946503624669915,0.005349637533008544
2026-08-15,2112500.0,-1362500.0,1.0,1.0,0.9940627301181219,0.005937269881878149
2026-08-17,2337500.0,2587500.0,0.0,0.0,0.0002234165535184545,0.0002234165535184545
2026-08-16,837500.0,3737500.0,0.0,0.0,0.00027635766477495554,0.00027635766477495554
2026-08-13,3312500.0,-3312500.0,0.0,0.0,1.6210470313169908e-05,1.6210470313169908e-05
2026-08-18,-2787500.0,3787500.0,0.0,0.0,8.59342557366596e-05,8.59342557366596e-05
2026-08-18,-1412500.0,-137500.0,1.0,1.0,0.9896059570813632,0.01039404291863677
2026-08-13,1012500.0,2262500.0,0.88,0.86,0.9204991821698025,0.060499182169802546
2026-08-13,662500.0,-2612500.0,0.65,0.5700000000000001,0.6367074253873635,0.0667074253873634
2026-08-16,-1012500.0,3187500.0,0.0,0.0,0.003511126936571161,0.003511126936571161
2026-08-18,2487500.0,1262500.0,0.99,0.99,0.9811074302320808,0.00889256976791919
2026-08-14,2762500.0,812500.0,0.9500000000000001,0.98,0.9111531722047663,0.06884682779523366
2026-08-13,-3812500.0,2187500.0,0.0,0.0,5.216286715822144e-05,5.216286715822144e-05
2026-08-14,2962500.0,3462500.0,0.0,0.0,8.59342557366596e-05,8.59342557366596e-05
2026-08-18,-1837500.0,3137500.0,0.0,0.0,8.448658382562016e-05,8.448658382562016e-05
2026-08-17,2037500.0,-2287500.0,0.99,0.98,0.9730859710589143,0.006914028941085726
2026-08-15,-2287500.0,-3512500.0,0.0,0.0,3.0759577822316593e-05,3.0759577822316593e-05
2026-08-16,-2312500.0,1487500.0,0.79,0.8,0.8360008184627206,0.03600081846272052
2026-08-17,3162500.0,-2212500.0,0.0,0.0,1.6210470313169908e-05,1.6210470313169908e-05
2026-08-13,2987500.0,362500.0,0.93,0.9400000000000001,0.9507149890456826,0.010714989045682577
2026-08-14,3062500.0,2762500.0,0.0,0.0,1.4762798402130472e-05,1.4762798402130472e-05
2026-08-16,3762500.0,3837500.0,0.0,0.0,9.705783325969554e-05,9.705783325969554e-05
2026-08-18,-3162500.0,-2062500.0,0.0,0.0,1.4762798402130472e-05,1.4762798402130472e-05
2026-08-17,-2887500.0,-1487500.0,0.22,0.0,0.05304796910056073,0.05304796910056073
2026-08-17,4212500.0,1812500.0,0.0,0.0,2.7334047836205838e-05,2.7334047836205838e-05
2026-08-15,-2587500.0,1662500.0,0.0,0.0,0.00038994088615347923,0.00038994088615347923
2026-08-15,-1537500.0,3562500.0,0.0,0.0,9.227398182544804e-05,9.227398182544804e-05
2026-08-16,-3737500.0,2662500.0,0.0,0.0,1.6210470313169908e-05,1.6210470313169908e-05
2026-08-17,-1662500.0,-787500.0,1.0,1.0,0.9831520518404506,0.016847948159549375
2026-08-13,2937500.0,2787500.0,0.0,0.0,5.163654578840026e-05,5.163654578840026e-05
2026-08-17,3912500.0,-1212500.0,0.0,0.0,2.5886375925166402e-05,2.5886375925166402e-05
2026-08-18,3637500.0,-1012500.0,0.0,0.0,0.0005644810953644865,0.0005644810953644865
2026-08-15,3787500.0,-387500.0,0.0,0.0,0.007368723115598716,0.007368723115598716
2026-08-14,2662500.0,-1087500.0,1.0,1.0,0.9942716568966062,0.005728343103393763
2026-08-18,3112500.0,2037500.0,0.0,0.0,0.0002234165535184545,0.0002234165535184545
2026-08-18,-2187500.0,137500.0,1.0,1.0,0.996182930807724,0.003817069192275979
2026-08-17,4187500.0,-1062500.0,0.0,0.0,2.5886375925166402e-05,2.5886375925166402e-05
2026-08-15,3587500.0,862500.0,0.0,0.0,0.017465774861280352,0.017465774861280352
2026-08-17,-2612500.0,3312500.0,0.0,0.0,8.448658382562016e-05,8.448658382562016e-05
2026-08-18,-37500.0,3612500.0,0.0,0.0,0.00038892450990301973,0.00038892450990301973
2026-08-16,487500.0,3912500.0,0.0,0.0,0.0002757077430542152,0.0002757077430542152
2026-08-14,887500.0,-1562500.0,0.71,0.85,0.8159566683498928,0.0340433316501072
2026-08-13,-462500.0,-3437500.0,0.0,0.0,1.5609421769881e-05,1.5609421769881e-05
2026-08-18,1637500.0,1862500.0,0.97,0.98,0.9738880539600863,0.006111946039913718
2026-08-17,-1712500.0,-12500.0,1.0,1.0,0.9965527037644752,0.003447296235524755
2026-08-17,-2737500.0,2687500.0,0.0,0.0,1.4762798402130472e-05,1.4762798402130472e-05
2026-08-15,1712500.0,-2487500.0,0.43,0.31,0.3348408900282907,0.024840890028290707
2026-08-17,-1962500.0,-912500.0,0.99,0.99,0.9814162266462821,0.00858377335371785
2026-08-13,3937500.0,-3262500.0,0.0,0.0,2.7334047836205838e-05,2.7334047836205838e-05
2026-08-17,1887500.0,-2337500.0,0.84,0.89,0.8144355406481513,0.07556445935184875
2026-08-18,-2437500.0,-3287500.0,0.0,0.0,1.4762798402130472e-05,1.4762798402130472e-05
2026-08-17,-3412500.0,1187500.0,0.0,0.0,2.5814894591170128e-05,2.5814894591170128e-05
2026-08-15,3687500.0,137500.0,0.0,0.0,0.001086574340563932,0.001086574340563932
2026-08-14,2837500.0,-3087500.0,0.0,0.0,1.4762798402130472e-05,1.4762798402130472e-05
2026-08-13,3212500.0,-562500.0,1.0,0.99,0.9898411360113927,0.0001588639886073162
2026-08-14,437500.0,2762500.0,0.91,0.8300000000000001,0.8941337389062913,0.06413373890629126
2026-08-13,-3662500.0,3562500.0,0.0,0.0,8.59342557366596e-05,8.59342557366596e-05
2026-08-17,-1837500.0,-3137500.0,0.0,0.0,1.4762798402130472e-05,1.4762798402130472e-05
2026-08-18,-212500.0,-3687500.0,0.0,0.0,1.4762798402130472e-05,1.4762798402130472e-05
2026-08-14,-37500.0,-2662500.0,0.0,0.0,0.036241000820292704,0.036241000820292704
2026-08-16,-2412500.0,-137500.0,0.9500000000000001,0.9500000000000001,0.9688866177811338,0.018886617781133763
2026-08-17,3037500.0,1487500.0,0.0,0.0,0.0004883748311742326,0.0004883748311742326
2026-08-15,4162500.0,2237500.0,0.0,0.0,2.7334047836205838e-05,2.7334047836205838e-05
2026-08-15,-3862500.0,2187500.0,0.0,0.0,1.4762798402130472e-05,1.4762798402130472e-05
2026-08-18,-2012500.0,-3312500.0,0.0,0.0,1.4762798402130472e-05,1.4762798402130472e-05
2026-08-13,3962500.0,-1087500.0,0.0,0.0,0.0002833289090592168,0.0002833289090592168
2026-08-14,-2662500.0,-787500.0,0.7000000000000001,0.58,0.4889508457218971,0.09104915427810284
2026-08-13,2887500.0,2037500.0,0.0,0.0,5.3084217699439695e-05,5.3084217699439695e-05
2026-08-16,812500.0,2787500.0,0.6900000000000001,0.71,0.7589459854982604,0.04894598549826046
2026-08-15,3112500.0,-3237500.0,0.0,0.0,1.4762798402130472e-05,1.4762798402130472e-05
2026-08-16,-2887500.0,-112500.0,0.0,0.0,0.036991130306438705,0.036991130306438705
2026-08-14,-2862500.0,337500.0,0.49,0.44,0.3619106962076477,0.0780893037923523
2026-08-13,-1737500.0,-2812500.0,0.0,0.0,2.246952257034927e-05,2.246952257034927e-05
2026-08-16,-2737500.0,1612500.0,0.0,0.0,0.0003288115463231386,0.0003288115463231386
2026-08-16,2937500.0,1812500.0,0.0,0.0,0.001653328878362317,0.001653328878362317
2026-08-18,-1337500.0,-1587500.0,1.0,1.0,0.9922418057147343,0.007758194285265696
2026-08-16,3937500.0,-3837500.0,0.0,0.0,2.7334047836205838e-05,2.7334047836205838e-05
2026-08-15,3962500.0,-2287500.0,0.0,0.0,2.7334047836205838e-05,2.7334047836205838e-05
2026-08-15,1262500.0,-3187500.0,0.0,0.0,1.5289119771951656e-05,1.5289119771951656e-05
2026-08-17,2337500.0,612500.0,1.0,1.0,0.9981143123274996,0.0018856876725004135
2026-08-16,212500.0,-3312500.0,0.0,0.0,1.4762798402130472e-05,1.4762798402130472e-05
2026-08-16,-3612500.0,2587500.0,0.0,0.0,1.4762798402130472e-05,1.4762798402130472e-05
2026-08-13,-937500.0,-3437500.0,0.0,0.0,1.4762798402130472e-05,1.4762798402130472e-05
2026-08-14,3387500.0,2562500.0,0.0,0.0,1.4762798402130472e-05,1.4762798402130472e-05
2026-08-15,2137500.0,-1787500.0,1.0,1.0,0.990296825270638,0.009703174729361996
2026-08-18,-1662500.0,-3037500.0,0.0,0.0,1.4762798402130472e-05,1.4762798402130472e-05
2026-08-14,-1787500.0,2462500.0,0.0,0.0,0.0005927881793537213,0.0005927881793537213
2026-08-16,-2437500.0,3687500.0,0.0,0.0,8.448658382562016e-05,8.448658382562016e-05
2026-08-15,1837500.0,-2137500.0,1.0,1.0,0.9888484369393165,0.011151563060683545
2026-08-18,2962500.0,3112500.0,0.0,0.0,8.448658382562016e-05,8.448658382562016e-05
2026-08-15,-3187500.0,-1362500.0,0.0,0.0,1.6210470313169908e-05,1.6210470313169908e-05
2026-08-18,-2587500.0,1087500.0,0.58,0.68,0.6678814907032671,0.012118509296732971
2026-08-16,3862500.0,-3937500.0,0.0,0.0,2.7334047836205838e-05,2.7334047836205838e-05
2026-08-13,987500.0,3037500.0,0.41000000000000003,0.5,0.538094655773451,0.03809465577345095
2026-08-13,1987500.0,3462500.0,0.0,0.0,9.553868001465984e-05,9.553868001465984e-05
2026-08-15,412500.0,-3487500.0,0.0,0.0,1.4762798402130472e-05,1.4762798402130472e-05
2026-08-13,-2612500.0,2712500.0,0.0,0.0,6.763332520858636e-05,6.763332520858636e-05
2026-08-16,2737500.0,-987500.0,0.98,0.98,0.9742569671980615,0.005743032801938441
2026-08-17,2837500.0,-2812500.0,0.0,0.0,1.4762798402130472e-05,1.4762798402130472e-05
2026-08-16,4087500.0,3262500.0,0.0,0.0,9.705783325969554e-05,9.705783325969554e-05
2026-08-16,3362500.0,-2887500.0,0.0,0.0,1.4762798402130472e-05,1.4762798402130472e-05
2026-08-16,3387500.0,-2387500.0,0.0,0.0,1.4762798402130472e-05,1.4762798402130472e-05
2026-08-14,2812500.0,2837500.0,0.0,0.0,1.4762798402130472e-05,1.4762798402130472e-05
2026-08-15,1312500.0,-1962500.0,1.0,1.0,0.9996213081091038,0.00037869189089623223
2026-08-17,3387500.0,-1162500.0,0.6900000000000001,0.7000000000000001,0.7295084835332446,0.029508483533244534
2026-08-14,-1237500.0,-3062500.0,0.0,0.0,2.1622899202598748e-05,2.1622899202598748e-05
2026-08-16,-787500.0,3762500.0,0.0,0.0,8.30507673580773e-05,8.30507673580773e-05
2026-08-17,3187500.0,-587500.0,0.97,0.97,0.9736008903132672,0.0036008903132672687
2026-08-13,-3112500.0,-3537500.0,0.0,0.0,1.6210470313169908e-05,1.6210470313169908e-05
2026-08-17,-1737500.0,-3137500.0,0.0,0.0,1.4762798402130472e-05,1.4762798402130472e-05
2026-08-15,-3712500.0,-187500.0,0.0,0.0,1.5289119771951656e-05,1.5289119771951656e-05
2026-08-13,-2512500.0,1112500.0,0.52,0.61,0.5587683463139148,0.05123165368608518
2026-08-18,-1737500.0,2637500.0,0.0,0.0,0.0008179196177077004,0.0008179196177077004
2026-08-13,-3887500.0,-862500.0,0.0,0.0,1.4762798402130472e-05,1.4762798402130472e-05
2026-08-14,-3312500.0,2137500.0,0.0,0.0,5.163654578840026e-05,5.163654578840026e-05
2026-08-13,-2337500.0,3162500.0,0.0,0.0,0.00011932756045796045,0.00011932756045796045
2026-08-18,2437500.0,-3737500.0,0.0,0.0,1.4762798402130472e-05,1.4762798402130472e-05
2026-08-15,1337500.0,-1037500.0,1.0,1.0,0.9996508565181318,0.0003491434818682082
2026-08-18,-3937500.0,3362500.0,0.0,0.0,8.59342557366596e-05,8.59342557366596e-05
2026-08-14,-3062500.0,837500.0,0.0,0.0,3.0759577822316593e-05,3.0759577822316593e-05
2026-08-14,462500.0,-2737500.0,0.0,0.0,0.0014790137230901493,0.0014790137230901493
2026-08-14,-3712500.0,3737500.0,0.0,0.0,8.59342557366596e-05,8.59342557366596e-05
2026-08-17,-3637500.0,3112500.0,0.0,0.0,8.59342557366596e-05,8.59342557366596e-05
2026-08-17,-1262500.0,-3212500.0,0.0,0.0,1.4762798402130472e-05,1.4762798402130472e-05
2026-08-13,-3012500.0,1087500.0,0.0,0.0,3.654300930193023e-05,3.654300930193023e-05
2026-08-16,-3537500.0,-2962500.0,0.0,0.0,1.6210470313169908e-05,1.6210470313169908e-05
2026-08-15,337500.0,-2612500.0,0.0,0.0,0.01665927683004844,0.01665927683004844
2026-08-13,-1462500.0,-3787500.0,0.0,0.0,1.4762798402130472e-05,1.4762798402130472e-05
2026-08-16,-1287500.0,-1687500.0,1.0,1.0,0.9921201150660954,0.007879884933904568
2026-08-14,-3912500.0,-2837500.0,0.0,0.0,1.6210470313169908e-05,1.6210470313169908e-05
2026-08-14,-1237500.0,-3487500.0,0.0,0.0,1.4762798402130472e-05,1.4762798402130472e-05
2026-08-15,-2762500.0,1137500.0,0.31,0.34,0.29847525482379855,0.04152474517620147
2026-08-16,-187500.0,-1962500.0,0.93,0.92,0.9377992131910391,0.017799213191039054
2026-08-16,-1812500.0,-2512500.0,0.0,0.0,1.9792404263637363e-05,1.9792404263637363e-05
2026-08-17,4312500.0,437500.0,0.0,0.0,5.7307978219026275e-05,5.7307978219026275e-05
2026-08-18,-1312500.0,-3762500.0,0.0,0.0,1.4762798402130472e-05,1.4762798402130472e-05
2026-08-17,4262500.0,2212500.0,0.0,0.0,2.7334047836205838e-05,2.7334047836205838e-05
2026-08-14,-537500.0,-2412500.0,0.0,0.26,0.11772324457317103,0.142276755426829
2026-08-15,-2687500.0,-2362500.0,0.0,0.0,1.7057093680920432e-05,1.7057093680920432e-05
2026-08-15,-2912500.0,3887500.0,0.0,0.0,8.59342557366596e-05,8.59342557366596e-05
2026-08-16,1662500.0,-2787500.0,0.0,0.0,0.00035277050300091823,0.00035277050300091823
2026-08-16,-3087500.0,-2637500.0,0.0,0.0,1.4762798402130472e-05,1.4762798402130472e-05
2026-08-13,-3262500.0,1212500.0,0.0,0.0,3.0759577822316593e-05,3.0759577822316593e-05
2026-08-13,-2912500.0,1387500.0,0.0,0.0,0.0005258248435575232,0.0005258248435575232
2026-08-14,-3537500.0,2887500.0,0.0,0.0,0.00011784214334810341,0.00011784214334810341
2026-08-15,-2462500.0,-3587500.0,0.0,0.0,3.0759577822316593e-05,3.0759577822316593e-05
2026-08-16,-3062500.0,-1062500.0,0.0,0.0,0.00013195774329269596,0.00013195774329269596
2026-08-15,-3662500.0,1912500.0,0.0,0.0,1.4762798402130472e-05,1.4762798402130472e-05
2026-08-14,3862500.0,3437500.0,0.0,0.0,9.705783325969554e-05,9.705783325969554e-05
2026-08-14,-2512500.0,1287500.0,0.47000000000000003,0.55,0.5301706272782449,0.019829372721755112
2026-08-14,-3362500.0,-3537500.0,0.0,0.0,1.6210470313169908e-05,1.6210470313169908e-05
2026-08-18,3537500.0,-1312500.0,0.0,0.0,0.0003813412532488914,0.0003813412532488914
2026-08-17,2687500.0,-1787500.0,1.0,1.0,0.9890073161387373,0.010992683861262731
2026-08-14,-3712500.0,2712500.0,0.0,0.0,1.6210470313169908e-05,1.6210470313169908e-05
2026-08-18,3837500.0,162500.0,0.0,0.0,0.0023274913582268463,0.0023274913582268463
2026-08-15,3687500.0,1737500.0,0.0,0.0,5.297238535287379e-05,5.297238535287379e-05
2026-08-17,2812500.0,512500.0,1.0,1.0,0.9883256204607717,0.011674379539228341
2026-08-17,-1662500.0,-3137500.0,0.0,0.0,1.5289119771951656e-05,1.5289119771951656e-05
2026-08-14,4137500.0,-1937500.0,0.0,0.0,2.7334047836205838e-05,2.7334047836205838e-05
2026-08-15,-2137500.0,837500.0,0.77,0.78,0.8649916808084196,0.08499168080841957
2026-08-18,2737500.0,-1537500.0,0.98,0.97,0.9695218454730549,0.00047815452694510707
2026-08-16,1062500.0,-3337500.0,0.0,0.0,1.613574313970218e-05,1.613574313970218e-05
2026-08-15,3762500.0,-1987500.0,0.0,0.0,2.6732999292916926e-05,2.6732999292916926e-05
2026-08-18,-687500.0,3462500.0,0.0,0.0,0.0015177623434445306,0.0015177623434445306
2026-08-14,3612500.0,-112500.0,0.0,0.0,0.18587168580366475,0.18587168580366475
2026-08-17,1412500.0,-1837500.0,1.0,1.0,0.9993708837798227,0.0006291162201772504
2026-08-13,-1537500.0,-3137500.0,0.0,0.0,2.246952257034927e-05,2.246952257034927e-05
2026-08-15,4312500.0,-1762500.0,0.0,0.0,2.7334047836205838e-05,2.7334047836205838e-05
2026-08-16,3637500.0,1612500.0,0.0,0.0,0.00035277050300091823,0.00035277050300091823
2026-08-14,-3037500.0,3862500.0,0.0,0.0,8.59342557366596e-05,8.59342557366596e-05
